make[1]: 进入目录“/home/phoenix/m3lite/kernel/out”
../arch/arm64/Makefile:143: 警告：覆盖关于目标“Image-dtb”的配方
../arch/arm64/Makefile:140: 警告：忽略关于目标“Image-dtb”的旧配方
  CHK     include/config/kernel.release
  GEN     ./Makefile
  CHK     include/generated/uapi/linux/version.h
  Using .. as source for kernel
  CHK     include/generated/utsrelease.h
  CC      scripts/mod/empty.o
  CC      scripts/mod/devicetable-offsets.s
  CHK     scripts/mod/devicetable-offsets.h
  MKELF   scripts/mod/elfconfig.h
  HOSTCC  scripts/mod/modpost.o
  HOSTCC  scripts/mod/sumversion.o
  HOSTCC  scripts/mod/file2alias.o
  HOSTLD  scripts/mod/modpost
  CC      kernel/bounds.s
  CHK     include/generated/bounds.h
  CC      arch/arm64/kernel/asm-offsets.s
  CHK     include/generated/asm-offsets.h
  CALL    ../scripts/checksyscalls.sh
  VDSOC   arch/arm64/kernel/vdso/vgettimeofday.o
  VDSOL   arch/arm64/kernel/vdso/vdso.so.dbg
  VDSOSYM include/generated/vdso-offsets.h
make[2]: “include/generated/vdso32-offsets.h”已是最新。
  CC      init/main.o
  CHK     include/generated/compile.h
  CC      init/do_mounts.o
  CC      init/do_mounts_rd.o
  CC      init/do_mounts_initrd.o
  CC      init/do_mounts_dm.o
  CC      init/noinitramfs.o
  CC      init/initramfs.o
  CC      init/calibrate.o
  CC      init/init_task.o
  CC      init/version.o
  CC      arch/arm64/mm/dma-mapping.o
  CC      arch/arm64/mm/extable.o
  CC      arch/arm64/mm/fault.o
  CC      arch/arm64/mm/init.o
  CC      arch/arm64/mm/copypage.o
  CC      arch/arm64/mm/flush.o
  CC      arch/arm64/mm/ioremap.o
  CC      arch/arm64/mm/mmap.o
  CC      arch/arm64/mm/pgd.o
  CC      arch/arm64/mm/mmu.o
  CC      arch/arm64/mm/context.o
  CC      arch/arm64/mm/pageattr.o
  CC      arch/arm64/crypto/sha1-ce-glue.o
  CC      arch/arm64/crypto/sha2-ce-glue.o
  CC      arch/arm64/crypto/ghash-ce-glue.o
  CC      arch/arm64/kernel/debug-monitors.o
  CC      arch/arm64/crypto/aes-ce-glue.o
  CC      arch/arm64/kernel/irq.o
  CC      arch/arm64/crypto/aes-ce-ccm-glue.o
  CC      arch/arm64/kernel/fpsimd.o
  CC      security/commoncap.o
  CC      arch/arm64/kernel/process.o
  CC      arch/arm64/crypto/aes-glue-ce.o
  CC      security/min_addr.o
  CC      security/keys/gc.o
  CC      security/security.o
  CC      security/keys/key.o
  CC      security/capability.o
  CC      arch/arm64/kernel/ptrace.o
  CC      arch/arm64/crypto/aes-glue-neon.o
  CC      security/keys/keyring.o
  CC      security/lsm_audit.o
  CC      arch/arm64/kernel/setup.o
  CC      security/selinux/avc.o
  CC      arch/arm64/kernel/signal.o
  CC      security/keys/keyctl.o
  LD      init/mounts.o
  CC      arch/arm64/kernel/sys.o
  CC      mm/filemap.o
  LD      init/built-in.o
  CC      kernel/fork.o
  CC      mm/mempool.o
  LD      arch/arm64/mm/built-in.o
  CC      security/selinux/hooks.o
  CC      security/keys/permission.o
  CC      arch/arm64/crypto/aes-cipher-glue.o
  CC      arch/arm64/kernel/stacktrace.o
  CC      security/keys/process_keys.o
  CC      security/selinux/selinuxfs.o
  CC      fs/open.o
  CC      arch/arm64/crypto/crc32-arm64.o
  CC      sound/sound_core.o
  CC      security/selinux/netlink.o
  CC      kernel/exec_domain.o
  CC      security/selinux/nlmsgtab.o
  CC      block/bio.o
  CC      block/elevator.o
  CC      security/selinux/netif.o
  CC      kernel/panic.o
  CC      security/keys/request_key.o
  CC      fs/read_write.o
  CC      drivers/amba/bus.o
  CC      security/selinux/netnode.o
  CC      fs/file_table.o
  CC      arch/arm64/kernel/time.o
  LD      arch/arm64/crypto/sha1-ce.o
  LD      arch/arm64/crypto/sha2-ce.o
  CC      mm/oom_kill.o
  CC      kernel/cpu.o
  CC      crypto/api.o
  CC      security/selinux/netport.o
  CC      crypto/cipher.o
  CC      crypto/compress.o
  LD      arch/arm64/crypto/ghash-ce.o
  LD      arch/arm64/crypto/aes-ce-cipher.o
  LD      arch/arm64/crypto/aes-ce-ccm.o
  LD      arch/arm64/crypto/aes-ce-blk.o
  LD      arch/arm64/crypto/aes-neon-blk.o
  CC      security/selinux/exports.o
  LD      arch/arm64/crypto/aes-arm64.o
  CC      mm/maccess.o
  LD      arch/arm64/crypto/built-in.o
  CC      kernel/exit.o
  CC      security/keys/request_key_auth.o
  CC      fs/super.o
  CC      crypto/memneq.o
  CC      mm/page_alloc.o
  CC      security/keys/user_defined.o
  CC      net/socket.o
  CC      arch/arm64/lib/delay.o
  CC      block/blk-core.o
  CC      sound/core/sound.o
  LD      drivers/amba/built-in.o
  CC      sound/core/init.o
  CC      arch/arm64/kernel/traps.o
  CC      security/selinux/ss/ebitmap.o
  CC      arch/arm64/kernel/io.o
  CC      security/selinux/ss/hashtab.o
  CC      kernel/softirq.o
  CC      net/802/p8022.o
  CC      net/802/psnap.o
  CC      security/selinux/ss/symtab.o
  CC      security/selinux/ss/sidtab.o
  CC      fs/char_dev.o
  CC      arch/arm64/kernel/vdso.o
  CC      sound/core/memory.o
  CC      mm/page-writeback.o
  CC      security/keys/compat.o
  CC      net/802/stp.o
  CC      drivers/base/component.o
  CC      crypto/crypto_wq.o
  CC      security/selinux/ss/avtab.o
  CC      security/selinux/ss/policydb.o
  AR      arch/arm64/lib/lib.a
  CC      security/selinux/ss/services.o
  CC      drivers/base/core.o
  CC      security/keys/proc.o
  CC      arch/arm64/kernel/psci.o
  CC      arch/arm64/kernel/cpu_ops.o
  CC      security/keys/sysctl.o
  CC      security/selinux/ss/conditional.o
  CC      drivers/block/brd.o
  CC      arch/arm64/kernel/insn.o
  CC      mm/readahead.o
  CC      drivers/bluetooth/bluetooth-power.o
  CC      lib/lockref.o
  CC      drivers/block/loop.o
  CC      arch/arm64/kernel/return_address.o
  CC      security/keys/encrypted-keys/encrypted.o
  CC      security/selinux/ss/mls.o
  CC      drivers/bluetooth/device_feature.o
  CC      kernel/resource.o
  CC      net/bluetooth/af_bluetooth.o
  CC      block/blk-tag.o
  CC      lib/bcd.o
  CC      fs/stat.o
  CC      sound/core/info.o
  CC      security/selinux/ss/status.o
  CC      crypto/algapi.o
  LD      security/selinux/selinux.o
  CC      arch/arm64/kernel/cpuinfo.o
  LD      security/selinux/built-in.o
  CC      lib/div64.o
  CC      arch/arm64/kernel/cpu_errata.o
  LD      net/802/built-in.o
  CC      net/ethernet/eth.o
  CC      net/bridge/br.o
  CC      sound/core/control.o
  CC      net/ipc_router/ipc_router_core.o
  CC      block/blk-sysfs.o
  CC      arch/arm64/kernel/cpufeature.o
  CC      lib/sort.o
  CC      mm/swap.o
  CC      net/bridge/br_device.o
  CC      net/ipc_router/ipc_router_socket.o
  CC      fs/exec.o
  CC      crypto/scatterwalk.o
  CC      drivers/block/zram/zcomp_lzo.o
  CC      kernel/sysctl.o
  CC      net/core/sock.o
  CC      security/keys/encrypted-keys/ecryptfs_format.o
  CC      net/bridge/br_fdb.o
  CC      drivers/block/zram/zcomp.o
  CC      net/ipc_router/ipc_router_security.o
  CC      block/blk-flush.o
  CC      drivers/base/bus.o
  CC      crypto/proc.o
  CC      net/bridge/br_forward.o
  CC      drivers/block/zram/zram_drv.o
  LD      drivers/bluetooth/built-in.o
  CC      drivers/base/dd.o
  CC      net/bridge/br_if.o
  CC      arch/arm64/kernel/alternative.o
  CC      lib/parser.o
  CC      net/bluetooth/hci_core.o
  CC      drivers/block/zram/zcomp_lz4.o
  CC      arch/arm64/kernel/smp.o
  CC      mm/truncate.o
  LD      drivers/block/zram/zram.o
  LD      drivers/block/zram/built-in.o
  CC      arch/arm64/kernel/smp_spin_table.o
  CC      sound/core/misc.o
  LD      drivers/block/built-in.o
  CC      crypto/aead.o
  CC      block/blk-settings.o
  LD      security/keys/encrypted-keys/encrypted-keys.o
  LD      security/keys/encrypted-keys/built-in.o
  LD      security/keys/built-in.o
  CC      sound/core/device.o
  CC      arch/arm64/kernel/topology.o
  LD      security/built-in.o
  LD      net/ethernet/built-in.o
  CC      lib/halfmd4.o
  CC      crypto/ablkcipher.o
  CC      fs/pipe.o
  CC      crypto/blkcipher.o
  LD      net/ipc_router/built-in.o
  CC      drivers/base/syscore.o
  CC      lib/debug_locks.o
  CC      drivers/char/mem.o
  CC      drivers/char/random.o
  CC      kernel/sysctl_binary.o
  CC      net/bluetooth/hci_conn.o
  CC      mm/vmscan.o
  CC      fs/namei.o
  CC      sound/core/jack.o
  CC      arch/arm64/kernel/cacheinfo.o
  CC      lib/random32.o
  CC      drivers/char/misc.o
  CC      kernel/capability.o
  CC      net/bridge/br_input.o
  CC      arch/arm64/kernel/signal32.o
  CC      block/blk-ioc.o
  CC      arch/arm64/kernel/sys_compat.o
  CC      mm/shmem.o
  CC      net/core/request_sock.o
  CC      drivers/base/driver.o
  CC      arch/arm64/kernel/../../arm/kernel/opcodes.o
  CC      mm/util.o
  CC      lib/bust_spinlocks.o
  CC      drivers/clk/clk-devres.o
  CC      drivers/clocksource/clksrc-of.o
  CC      net/core/skbuff.o
  CC      net/ipv4/route.o
  CC      lib/hexdump.o
  CC      crypto/chainiv.o
  CC      drivers/clocksource/arm_arch_timer.o
  CC      lib/kasprintf.o
  CC      sound/core/hwdep.o
  CC      crypto/eseqiv.o
  CC      drivers/char/msm_smd_pkt.o
  CC      fs/fcntl.o
  CC      kernel/ptrace.o
  CC      block/blk-map.o
  CC      crypto/seqiv.o
  CC      arch/arm64/kernel/arm64ksyms.o
  CC      net/ipv4/inetpeer.o
  CC      crypto/ahash.o
  CC      drivers/base/class.o
  CC      net/bridge/br_ioctl.o
  CC      net/bluetooth/hci_event.o
  CC      block/blk-exec.o
  CC      lib/bitmap.o
  CC      net/bridge/br_stp.o
  CC      drivers/clk/clkdev.o
  CC      drivers/char/diag/diagchar_core.o
  CC      net/bluetooth/mgmt.o
  CC      drivers/char/diag/diagchar_hdlc.o
  CC      net/core/iovec.o
  CC      mm/mmzone.o
  CC      net/bridge/br_stp_bpdu.o
  CC      drivers/char/diag/diagfwd.o
  CC      lib/scatterlist.o
  CC      mm/vmstat.o
  CC      net/bluetooth/hci_sock.o
  CC      drivers/clocksource/dummy_timer.o
  CC      sound/core/timer.o
  CC      kernel/user.o
  CC      net/bridge/br_stp_if.o
  CC      drivers/char/diag/diagfwd_peripheral.o
  CC      net/bluetooth/hci_sysfs.o
  CC      lib/gcd.o
  CC      arch/arm64/kernel/module.o
  LD      drivers/clocksource/built-in.o
  CC      crypto/shash.o
  CC      drivers/base/platform.o
  CC      drivers/char/diag/diagfwd_smd.o
  CC      arch/arm64/kernel/perf_regs.o
  CC      fs/ioctl.o
  CC      drivers/clk/clk.o
  CC      net/bridge/br_stp_timer.o
  CC      net/bluetooth/l2cap_core.o
  CC      drivers/char/diag/diagfwd_socket.o
  CC      arch/arm64/kernel/perf_event.o
  CC      drivers/char/diag/diag_mux.o
  CC      block/blk-merge.o
  CC      net/bridge/br_netlink.o
  CC      drivers/char/diag/diag_memorydevice.o
  CC      net/bridge/br_sysfs_if.o
  CC      lib/lcm.o
  CC      drivers/char/diag/diag_usb.o
  CC      mm/backing-dev.o
  CC      drivers/firmware/efi/libstub/arm-stub.o
  CC      drivers/cpuidle/cpuidle.o
  CC      drivers/cpufreq/cpufreq.o
  CC      net/ipv4/protocol.o
  CC      sound/core/pcm.o
  CC      kernel/signal.o
  CC      net/bridge/br_sysfs_br.o
  CC      drivers/char/diag/diagmem.o
  CC      drivers/firmware/efi/libstub/efi-stub-helper.o
  CC      lib/list_sort.o
  CC      net/core/datagram.o
  CC      drivers/firmware/efi/libstub/fdt.o
  CC      drivers/char/diag/diagfwd_cntl.o
  CC      drivers/base/cpu.o
  CC      crypto/pcompress.o
  CC      net/bridge/br_multicast.o
  CC      fs/readdir.o
  AR      drivers/firmware/efi/libstub/lib.a
  CC      drivers/char/diag/diag_dci.o
  CC      mm/mm_init.o
  CC      block/blk-softirq.o
  CC      drivers/crypto/msm/qcedev.o
  CC      drivers/char/diag/diag_masks.o
  CC      arch/arm64/kernel/perf_debug.o
  CC      drivers/clk/msm/clock.o
  CC      drivers/char/diag/diag_debugfs.o
  CC      arch/arm64/kernel/perf_trace_counters.o
  CC      net/bluetooth/l2cap_sock.o
  CC      drivers/cpufreq/freq_table.o
  LD      drivers/char/diag/diagchar.o
  CC      drivers/devdetect/hw_dev_dec.o
  CC      lib/uuid.o
  LD      drivers/char/diag/built-in.o
  CC      sound/core/pcm_native.o
  CC      arch/arm64/kernel/perf_trace_user.o
  CC      drivers/cpuidle/driver.o
  CC      net/ipv6/af_inet6.o
  CC      drivers/char/hw_random/core.o
  CC      drivers/base/firmware.o
  LD      drivers/devdetect/built-in.o
  CC      lib/flex_array.o
  CC      kernel/sys.o
  CC      mm/mmu_context.o
  CC      drivers/clk/msm/clock-dummy.o
  CC      arch/arm64/kernel/suspend.o
  CC      net/ipv4/ip_input.o
  CC      fs/select.o
  CC      arch/arm64/kernel/cpuidle.o
  CC      drivers/crypto/msm/qce50.o
  CC      block/blk-timeout.o
  CC      crypto/algboss.o
  CC      drivers/clk/msm/clock-generic.o
  CC      drivers/cpufreq/cpufreq_stats.o
  CC      crypto/testmgr.o
  CC      arch/arm64/kernel/efi.o
  CC      net/bridge/br_mdb.o
  CC      drivers/cpuidle/governor.o
  CC      lib/iovec.o
  CC      drivers/clk/msm/clock-local2.o
  CC      net/core/stream.o
  CC      arch/arm64/kernel/efi-stub.o
  CC      drivers/char/hw_random/msm_rng.o
  CC      drivers/devfreq/devfreq.o
  CC      drivers/cpuidle/sysfs.o
  CC      mm/percpu.o
  CC      net/bridge/netfilter/ebtables.o
  CC      drivers/base/init.o
  CC      drivers/clk/msm/clock-pll.o
  CC      arch/arm64/kernel/pci.o
  LD      drivers/char/hw_random/rng-core.o
  LD      drivers/char/hw_random/built-in.o
  CC      drivers/char/adsprpc.o
  CC      sound/core/pcm_lib.o
  CC      drivers/clk/msm/clock-alpha-pll.o
  CC      drivers/cpuidle/governors/ladder.o
  CC      drivers/base/map.o
  CC      arch/arm64/kernel/armv8_deprecated.o
  CC      net/bluetooth/smp.o
  CC      lib/clz_ctz.o
  CC      drivers/base/devres.o
  CC      drivers/char/adsprpc_compat.o
  CC      drivers/clk/msm/clock-rpm.o
  CC      block/blk-iopoll.o
  CC      net/bluetooth/sco.o
  CC      drivers/cpuidle/governors/menu.o
  CC      kernel/kmod.o
  CC      drivers/clk/msm/clock-voter.o
  CC      drivers/char/rdbg.o
  CC      drivers/crypto/msm/compat_qcedev.o
  CC      lib/bsearch.o
  CC      crypto/hmac.o
  CC      net/bluetooth/lib.o
  LD      drivers/cpuidle/governors/built-in.o
  CC      net/ipv6/anycast.o
  CC      net/ipv4/ip_fragment.o
  CC      drivers/cpuidle/lpm-levels.o
  CC      drivers/clk/msm/clock-pm.o
  CC      crypto/xcbc.o
  LD      drivers/char/built-in.o
  CC      drivers/cpufreq/cpufreq_performance.o
  VDSOC   arch/arm64/kernel/vdso/vgettimeofday.o
  CC      drivers/clk/msm/clock-debug.o
  CC      drivers/devfreq/devfreq_trace.o
  CC      net/ipv6/ip6_output.o
  CC      mm/slab_common.o
  CC      crypto/crypto_null.o
  CC      drivers/cpufreq/cpufreq_powersave.o
  VDSOL   arch/arm64/kernel/vdso/vdso.so.dbg
  CC      drivers/clk/msm/clock-cpu-8939.o
  CC      crypto/md4.o
  CC      drivers/devfreq/governor_simpleondemand.o
  OBJCOPY arch/arm64/kernel/vdso/vdso.so
  CC      drivers/cpufreq/cpufreq_userspace.o
  AS      arch/arm64/kernel/vdso/vdso.o
  CC      drivers/devfreq/governor_performance.o
  CC      drivers/clk/msm/clock-gcc-8952.o
  CC      crypto/md5.o
  CC      drivers/cpufreq/cpufreq_ondemand.o
  CC      drivers/base/attribute_container.o
  CC      fs/dcache.o
  CC      net/core/scm.o
  CC      sound/core/pcm_timer.o
  CC      lib/find_last_bit.o
  CC      drivers/devfreq/governor_powersave.o
  CC      sound/core/pcm_misc.o
  CC      drivers/clk/msm/clock-a7.o
  LD      arch/arm64/kernel/vdso/built-in.o
  CC      crypto/sha1_generic.o
  CC      net/bridge/netfilter/ebtable_broute.o
  CC      lib/find_next_bit.o
  CC      drivers/devfreq/governor_userspace.o
  CC      net/core/gen_stats.o
  CC      drivers/clk/msm/clock-cpu-8953.o
  CC      block/blk-lib.o
  CC      drivers/crypto/msm/qcrypto.o
  CC      drivers/devfreq/governor_cpufreq.o
  LD      net/bridge/netfilter/built-in.o
  CC      lib/llist.o
  LD      net/bridge/bridge.o
  CC      kernel/workqueue.o
  CC      drivers/cpuidle/lpm-levels-of.o
  CC      drivers/clk/msm/clock-gcc-8953.o
  LD      net/bridge/built-in.o
  CC      net/ipv4/ip_forward.o
  CC      drivers/devfreq/governor_msm_adreno_tz.o
  CC      drivers/clk/msm/clock-rcgwr.o
  CC      net/bluetooth/a2mp.o
  CC      drivers/cpuidle/lpm-workarounds.o
  CC      drivers/devfreq/bimc-bwmon.o
  CC      sound/core/pcm_memory.o
  CC      mm/compaction.o
  CC      net/ipv4/ip_options.o
  CC      drivers/base/transport_class.o
  CC      drivers/clk/msm/gdsc.o
  CC      drivers/cpufreq/cpufreq_conservative.o
  CC      net/bluetooth/amp.o
  CC      lib/memweight.o
  CC      crypto/sha256_generic.o
  CC      drivers/devfreq/arm-memlat-mon.o
  CC      mm/vmacache.o
  CC      fs/inode.o
  CC      drivers/cpufreq/cpufreq_interactive.o
  CC      drivers/devkit/audiokit/deviceboxID/deviceboxID.o
  CC      drivers/devfreq/msmcci-hwmon.o
  CC      net/ipv6/ip6_input.o
  CC      mm/interval_tree.o
  CC      drivers/cpufreq/cpufreq_governor.o
  CC      drivers/clk/msm/mdss/mdss-pll-util.o
  LD      drivers/devkit/audiokit/deviceboxID/built-in.o
  CC      drivers/clk/msm/mdss/mdss-pll.o
  CC      net/bluetooth/bnep/core.o
  LD      drivers/devkit/audiokit/built-in.o
  CC      drivers/devfreq/m4m-hwmon.o
  CC      mm/list_lru.o
  CC      lib/kfifo.o
  CC      fs/attr.o
  CC      net/core/gen_estimator.o
  CC      block/blk-mq.o
  CC      net/ipv6/addrconf.o
  CC      drivers/clk/msm/mdss/mdss-dsi-pll-util.o
  CC      net/bluetooth/bnep/sock.o
  LD      drivers/cpuidle/built-in.o
  CC      drivers/devfreq/governor_bw_hwmon.o
  CC      drivers/devkit/lcdkit/core/common/lcdkit_panel.o
  CC      drivers/clk/msm/mdss/mdss-dsi-pll-28lpm.o
  CC      sound/core/memalloc.o
  CC      net/bluetooth/bnep/netdev.o
  CC      net/key/af_key.o
  CC      drivers/base/topology.o
  CC      drivers/devfreq/governor_cache_hwmon.o
  CC      drivers/devkit/lcdkit/core/common/lcdkit_fb_util.o
  CC      kernel/pid.o
  CC      drivers/clk/msm/mdss/mdss-dsi-pll-8996.o
  CC      drivers/cpufreq/cpu-boost.o
  CC      drivers/base/container.o
  LD      net/bluetooth/bnep/bnep.o
  CC      drivers/devfreq/governor_gpubw_mon.o
  CC      drivers/devkit/lcdkit/core/common/lcdkit_debug.o
  LD      net/bluetooth/bnep/built-in.o
  LD      net/key/built-in.o
  CC      drivers/crypto/msm/ota_crypto.o
  CC      crypto/sha512_generic.o
  CC      drivers/cpufreq/qcom-cpufreq.o
  CC      lib/percpu-refcount.o
  CC      drivers/crypto/msm/ice.o
  CC      mm/workingset.o
  CC      drivers/clk/msm/mdss/mdss-dsi-pll-8996-util.o
  CC      net/bluetooth/hidp/core.o
  CC      lib/percpu_ida.o
  CC      drivers/base/property.o
  CC      fs/bad_inode.o
  CC      drivers/devkit/lcdkit/core/common/lcdkit_parse.o
  CC      net/ipv4/ip_output.o
  CC      drivers/devfreq/governor_bw_vbif.o
  LD      drivers/cpufreq/built-in.o
  CC      net/bluetooth/hidp/sock.o
  CC      drivers/clk/msm/mdss/mdss-hdmi-pll-8996.o
  CC      mm/iov_iter.o
  CC      drivers/devfreq/governor_spdm_bw_hyp.o
  CC      mm/debug.o
  CC      drivers/devkit/lcdkit/core/common/qcom/lcdkit_fb_util_qcom.o
  LD      drivers/clk/msm/mdss/built-in.o
  LD      drivers/clk/msm/built-in.o
  CC      drivers/devfreq/governor_memlat.o
  LD      net/bluetooth/hidp/hidp.o
  LD      net/bluetooth/hidp/built-in.o
  LD      arch/arm64/kernel/built-in.o
  CC      block/blk-mq-tag.o
  LD      drivers/clk/built-in.o
  CC      drivers/devkit/lcdkit/core/common/qcom/lcdkit_panel_adaptor_qcom.o
  CC      net/core/net_namespace.o
  CC      sound/core/rawmidi.o
  CC      drivers/devkit/lcdkit/core/common/qcom/lcdkit_debug_msm.o
  CC      drivers/base/cacheinfo.o
  CC      drivers/devfreq/devfreq_devbw.o
  CC      net/bluetooth/rfcomm/core.o
  CC      kernel/task_work.o
  CC      lib/hash.o
  CC      drivers/devkit/lcdkit/core/common/qcom/lcdkit_dsm.o
  CC      net/ipv4/ip_sockglue.o
  CC      net/ipv4/inet_hashtables.o
  CC      drivers/devfreq/devfreq_simple_dev.o
  CC      net/bluetooth/rfcomm/sock.o
  CC      fs/file.o
  CC      drivers/base/dma-contiguous.o
  CC      net/l2tp/l2tp_core.o
  LD      drivers/devkit/lcdkit/core/common/qcom/built-in.o
  LD      drivers/crypto/msm/built-in.o
  CC      crypto/gf128mul.o
  LD      drivers/devkit/lcdkit/core/common/built-in.o
  CC      net/llc/llc_core.o
  LD      drivers/crypto/built-in.o
  CC      net/ipv6/addrlabel.o
  CC      drivers/devfreq/devfreq_spdm.o
  LD      drivers/devkit/lcdkit/built-in.o
  CC      kernel/extable.o
  CC      lib/rhashtable.o
  CC      net/bluetooth/rfcomm/tty.o
  CC      net/l2tp/l2tp_ppp.o
  CC      net/ipv6/route.o
  CC      sound/core/compress_offload.o
  CC      drivers/devfreq/devfreq_spdm_debugfs.o
  CC      kernel/params.o
  CC      drivers/base/power/sysfs.o
  CC      mm/fremap.o
  CC      net/llc/llc_input.o
  LD      net/bluetooth/rfcomm/rfcomm.o
  LD      drivers/devfreq/built-in.o
  LD      net/bluetooth/rfcomm/built-in.o
  CC      crypto/ecb.o
  CC      block/blk-mq-sysfs.o
  CC      drivers/base/power/generic_ops.o
  LD      net/bluetooth/bluetooth.o
  LD      net/bluetooth/built-in.o
  CC      block/blk-mq-cpu.o
  CC      net/llc/llc_output.o
  CC      net/core/secure_seq.o
  CC      lib/reciprocal_div.o
  CC      block/blk-mq-cpumap.o
  LD      sound/core/snd.o
  CC      fs/filesystems.o
  CC      crypto/cbc.o
  CC      block/ioctl.o
  CC      drivers/base/power/common.o
  CC      fs/namespace.o
  CC      lib/string_helpers.o
  CC      crypto/cts.o
  CC      drivers/base/dma-mapping.o
  LD      sound/core/snd-hwdep.o
  LD      sound/core/snd-timer.o
  CC      drivers/base/regmap/regmap.o
  LD      sound/core/snd-pcm.o
  LD      sound/core/snd-rawmidi.o
  LD      sound/core/snd-compress.o
  LD      sound/core/built-in.o
  CC      kernel/kthread.o
  CC      block/genhd.o
  CC      crypto/xts.o
  CC      lib/kstrtox.o
  CC      net/ipv4/inet_timewait_sock.o
  CC      mm/gup.o
  CC      drivers/base/regmap/regcache.o
  CC      net/core/flow_dissector.o
  CC      fs/seq_file.o
  CC      net/ipv6/ip6_fib.o
  CC      net/l2tp/l2tp_ip.o
  LD      net/llc/llc.o
  LD      net/llc/built-in.o
  CC      lib/iomap.o
  CC      kernel/sys_ni.o
  CC      block/scsi_ioctl.o
  CC      drivers/base/regmap/regcache-rbtree.o
  CC      net/ipv6/ipv6_sockglue.o
  CC      drivers/base/regmap/regcache-lzo.o
  CC      net/netfilter/core.o
  CC      drivers/base/power/qos.o
  CC      net/netfilter/nf_log.o
  CC      net/l2tp/l2tp_netlink.o
  CC      net/core/sysctl_net_core.o
  CC      crypto/ctr.o
  CC      kernel/nsproxy.o
  CC      block/partition-generic.o
  CC      drivers/base/regmap/regcache-flat.o
  CC      mm/highmem.o
  CC      block/ioprio.o
  CC      net/ipv4/inet_connection_sock.o
  CC      lib/pci_iomap.o
  CC      kernel/notifier.o
  CC      crypto/gcm.o
  CC      drivers/base/regmap/regmap-debugfs.o
  CC      mm/memory.o
  CC      crypto/ccm.o
  CC      fs/xattr.o
  CC      net/core/dev.o
  CC      crypto/cryptd.o
  CC      drivers/base/regmap/regmap-i2c.o
  CC      net/core/ethtool.o
  CC      kernel/ksysfs.o
  CC      drivers/base/power/runtime.o
  CC      lib/iomap_copy.o
  CC      drivers/base/dma-coherent.o
  CC      net/ipv6/ndisc.o
  CC      lib/devres.o
  CC      net/netlink/af_netlink.o
  CC      drivers/base/regmap/regmap-spi.o
  CC      net/l2tp/l2tp_eth.o
  CC      mm/mincore.o
  CC      block/partitions/check.o
  CC      net/netfilter/nf_queue.o
  CC      net/netlink/genetlink.o
  CC      net/l2tp/l2tp_debugfs.o
  CC      block/partitions/msdos.o
  CC      net/ipv4/tcp.o
  CC      net/core/dev_addr_lists.o
  CC      mm/mlock.o
  CC      fs/libfs.o
  CC      crypto/des_generic.o
  CC      block/partitions/efi.o
  CC      kernel/cred.o
  CC      net/l2tp/l2tp_ip6.o
  CC      net/packet/af_packet.o
  CC      drivers/base/power/main.o
  LD      block/partitions/built-in.o
  CC      block/bounce.o
  CC      sound/soc/soc-core.o
  CC      net/netfilter/nf_sockopt.o
  CC      fs/fs-writeback.o
  LD      net/l2tp/built-in.o
  CC      lib/hweight.o
  CC      crypto/twofish_generic.o
  CC      drivers/base/regmap/regmap-swr.o
  CC      fs/pnode.o
  CC      lib/assoc_array.o
  CC      net/ipv4/tcp_input.o
  CC      lib/bitrev.o
  CC      crypto/twofish_common.o
  CC      mm/mmap.o
  CC      net/ipv6/udp.o
  CC      kernel/reboot.o
  CC      drivers/base/power/wakeup.o
  CC      net/netfilter/nfnetlink.o
  CC      kernel/async.o
  CC      block/bsg.o
  LD      drivers/base/regmap/built-in.o
  LD      net/netlink/built-in.o
  CC      drivers/base/dma-removed.o
  CC      fs/splice.o
  CC      drivers/base/power/opp/core.o
  CC      net/core/dst.o
  CC      lib/crc-ccitt.o
  CC      drivers/devkit/tpkit/panel/himax/himax_platform.o
  CC      crypto/aes_generic.o
  LD      net/packet/built-in.o
  CC      net/netfilter/nfnetlink_queue_core.o
  CC      drivers/dma/dmaengine.o
  CC      net/rfkill/core.o
  CC      drivers/devkit/tpkit/panel/himax/himax_ic.o
  CC      sound/soc/soc-dapm.o
../drivers/devkit/tpkit/panel/himax/himax_ic.c: In function 'himax_parse_dts':
../drivers/devkit/tpkit/panel/himax/himax_ic.c:1318:47: warning: passing argument 3 of 'of_property_read_u32' from incompatible pointer type
  retval = of_property_read_u32(device, "reg", &chip_data->ts_platform_data->client->addr);
                                               ^
In file included from ../include/linux/i2c.h:33:0,
                 from ../drivers/devkit/tpkit/panel/himax/himax_ic.h:24,
                 from ../drivers/devkit/tpkit/panel/himax/himax_ic.c:17:
../include/linux/of.h:789:19: note: expected 'u32 *' but argument is of type 'short unsigned int *'
 static inline int of_property_read_u32(const struct device_node *np,
                   ^
  CC      mm/mprotect.o
  CC      drivers/dma/of-dma.o
  CC      drivers/devkit/tpkit/panel/himax/himax_fw_update.o
  CC      mm/mremap.o
  CC      kernel/range.o
  CC      drivers/dma-buf/dma-buf.o
  CC      net/ipv6/udplite.o
  CC      block/blk-cgroup.o
  CC      sound/usb/card.o
  CC      drivers/devkit/tpkit/panel/himax/himax_factory_test.o
  CC      kernel/groups.o
  CC      mm/msync.o
  CC      fs/sync.o
  CC      lib/crc16.o
../fs/sync.c: In function 'SYSC_syncfs':
../fs/sync.c:155:8: warning: 'f.file' is used uninitialized in this function [-Wuninitialized]
  if (!f.file)
        ^
../fs/sync.c: In function 'SyS_syncfs':
../fs/sync.c:155:5: warning: 'f.file' is used uninitialized in this function [-Wuninitialized]
  if (!f.file)
     ^
../fs/sync.c:151:12: note: 'f.file' was declared here
  struct fd f;
            ^
  CC      drivers/base/power/opp/cpu.o
  CC      net/ipv4/tcp_output.o
  CC      crypto/arc4.o
  CC      sound/usb/clock.o
  CC      mm/rmap.o
  CC      net/netfilter/nfnetlink_log.o
  CC      net/rmnet_data/rmnet_data_main.o
  CC      kernel/smpboot.o
  CC      drivers/devkit/tpkit/panel/himax/himax_dsm.o
  CC      sound/usb/endpoint.o
  CC      crypto/deflate.o
  CC      net/ipv6/raw.o
  CC      drivers/devkit/tpkit/panel/himax/himax_debug.o
  CC      sound/usb/format.o
  CC      net/rmnet_data/rmnet_data_config.o
  CC      net/core/netevent.o
  CC      net/rmnet_data/rmnet_data_vnd.o
  CC      crypto/crc32c_generic.o
  CC      sound/usb/helper.o
  CC      drivers/dma/qcom-sps-dma.o
  CC      drivers/dma-buf/fence.o
  CC      sound/soc/soc-jack.o
  LD      drivers/devkit/tpkit/panel/himax/built-in.o
  LD      net/rfkill/rfkill.o
  LD      net/rfkill/built-in.o
  CC      net/rmnet_data/rmnet_data_handlers.o
  CC      crypto/crc32.o
  CC      net/ipv4/tcp_timer.o
  CC      net/netfilter/nf_conntrack_core.o
  CC      lib/crc32.o
  CC      sound/usb/mixer.o
  CC      drivers/devkit/tpkit/panel/novatek_hybrid/NVTtouch_207_ops.o
  LD      drivers/base/power/opp/built-in.o
  CC      drivers/base/power/clock_ops.o
  CC      crypto/authenc.o
  CC      drivers/base/firmware_class.o
  LD      drivers/dma/built-in.o
  CC      fs/utimes.o
../drivers/devkit/tpkit/panel/novatek_hybrid/NVTtouch_207_ops.c: In function 'novatek_hybrid_regs_operators':
../drivers/devkit/tpkit/panel/novatek_hybrid/NVTtouch_207_ops.c:2125:13: warning: operation on 'buf[1]' may be undefined [-Wsequence-point]
      buf[1] = BitClear(buf[1], info->bit);
             ^
../drivers/devkit/tpkit/panel/novatek_hybrid/NVTtouch_207_ops.c:2127:13: warning: operation on 'buf[1]' may be undefined [-Wsequence-point]
      buf[1] = BitSet(buf[1], info->bit);
             ^
  CC      net/rmnet_data/rmnet_map_data.o
  CC      sound/usb/mixer_quirks.o
  CC      drivers/base/module.o
  CC      mm/vmalloc.o
  CC      block/blk-throttle.o
  CC      drivers/base/power/boeffla_wl_blocker.o
  CC      fs/stack.o
  CC      drivers/devkit/tpkit/panel/novatek_hybrid/NVTtouch_207_mp.o
  CC      sound/usb/pcm.o
  CC      block/noop-iosched.o
  CC      net/rmnet_data/rmnet_map_command.o
  CC      drivers/devkit/tpkit/panel/parade/parade.o
  CC      drivers/devkit/tpkit/panel/novatek_hybrid/NVTtouch_207_fw_update.o
../drivers/devkit/tpkit/panel/parade/parade.c: In function 'parade_fw_update_sd':
../drivers/devkit/tpkit/panel/parade/parade.c:9356:1: warning: label 'out' defined but not used [-Wunused-label]
 out:
 ^
  CC      kernel/bpf/core.o
  CC      sound/usb/proc.o
  CC      net/rmnet_data/rmnet_data_stats.o
  CC      block/deadline-iosched.o
  LD      drivers/base/power/built-in.o
  CC      drivers/devkit/tpkit/panel/novatek_hybrid/NVTtouch_207_ext_proc.o
  CC      net/ipv6/icmp.o
  CC      sound/usb/quirks.o
  LD      net/rmnet_data/rmnet_data.o
  CC      sound/soc/soc-cache.o
  LD      drivers/devkit/tpkit/panel/novatek_hybrid/built-in.o
  CC      drivers/dma-buf/reservation.o
  LD      net/rmnet_data/built-in.o
  CC      block/cfq-iosched.o
  CC      lib/libcrc32c.o
  CC      net/ipv4/tcp_ipv4.o
  CC      sound/soc/soc-utils.o
  CC      net/core/neighbour.o
  CC      crypto/authencesn.o
  CC      sound/usb/stream.o
  CC      block/bfq-iosched.o
  CC      block/zen-iosched.o
  CC      fs/fs_struct.o
  CC      sound/usb/midi.o
  CC      crypto/lzo.o
  CC      drivers/base/soc.o
  CC      block/compat_ioctl.o
  CC      mm/pagewalk.o
  CC      drivers/dma-buf/seqno-fence.o
  CC      crypto/rng.o
  CC      mm/pgtable-generic.o
  LD      block/built-in.o
  CC      mm/process_vm_access.o
  CC      net/netfilter/nf_conntrack_standalone.o
  LD      drivers/devkit/tpkit/panel/parade/built-in.o
  LD      drivers/devkit/tpkit/panel/built-in.o
  LD      kernel/bpf/built-in.o
  CC      fs/statfs.o
  CC      mm/showmem.o
  CC      drivers/devkit/tpkit/qcom_adapter/tpkit_cmdline_parse.o
  CC      fs/fs_pin.o
  CC      net/core/rtnetlink.o
  CC      lib/genalloc.o
  CC      net/sched/sch_generic.o
  CC      kernel/events/core.o
  CC      mm/init-mm.o
  CC      mm/nobootmem.o
  CC      drivers/dsm/dsm_core.o
  CC      drivers/devkit/tpkit/qcom_adapter/tpkit_platform_adapter.o
  CC      drivers/dts_eagle/dts_eagle_drv.o
  CC      sound/soc/soc-pcm.o
  CC      net/sctp/sm_statetable.o
  LD      drivers/devkit/tpkit/qcom_adapter/built-in.o
  CC      drivers/devkit/tpkit/huawei_ts_kit_core.o
  CC      drivers/dsm/dsm_earlyboot_client/dsm_earlyboot_client.o
In file included from ../drivers/devkit/tpkit/huawei_ts_kit_core.c:30:0:
../drivers/devkit/tpkit/../lcdkit/core/common/qcom/lcdkit_dsi_status.h:5:39: warning: 'struct msm_fb_data_type' declared inside parameter list
 void mdss_dsi_status_check_ctl(struct msm_fb_data_type *mfd, int sheduled);
                                       ^
../drivers/devkit/tpkit/../lcdkit/core/common/qcom/lcdkit_dsi_status.h:5:39: warning: its scope is only this definition or declaration, which is probably not what you want
  CC      net/ipv6/mcast.o
  LD      drivers/dts_eagle/built-in.o
  CC      net/sctp/sm_statefuns.o
  LD      drivers/dma-buf/built-in.o
  CC      drivers/base/pinctrl.o
  CC      sound/last.o
  LD      drivers/dsm/dsm_earlyboot_client/built-in.o
  CC      crypto/krng.o
  CC      net/ipv6/reassembly.o
  CC      net/sctp/sm_sideeffect.o
  LD      sound/usb/snd-usb-audio.o
  LD      sound/usb/snd-usbmidi-lib.o
  CC      drivers/devkit/tpkit/huawei_ts_kit_fsnode.o
  CC      fs/buffer.o
  CC      drivers/base/devcoredump.o
  CC      kernel/irq/irqdesc.o
  LD      sound/usb/built-in.o
  CC      crypto/ghash-generic.o
  CC      net/sctp/protocol.o
  CC      mm/fadvise.o
  CC      net/core/utils.o
  CC      kernel/irq/handle.o
  CC      net/ipv4/tcp_minisocks.o
  CC      net/sctp/endpointola.o
  CC      mm/madvise.o
  CC      lib/lz4/lz4_compress.o
  LD      drivers/dsm/built-in.o
  CC      lib/lzo/lzo1x_compress.o
  CC      kernel/irq/manage.o
  CC      crypto/asymmetric_keys/asymmetric_type.o
  CC      drivers/edac/edac_stub.o
  CC      net/sctp/associola.o
  CC      kernel/events/ring_buffer.o
  CC      net/netfilter/nf_conntrack_expect.o
  CC      drivers/devkit/tpkit/huawei_ts_kit_api.o
  CC      net/sched/sch_mq.o
  CC      mm/memblock.o
  CC      sound/soc/soc-compress.o
  CC      kernel/events/callchain.o
  CC      net/sctp/transport.o
  CC      drivers/devkit/tpkit/huawei_ts_kit_algo.o
  CC      mm/page_io.o
  LD      kernel/events/built-in.o
  CC      net/sctp/chunk.o
  CC      net/core/link_watch.o
  CC      sound/soc/soc-io.o
  CC      net/sched/sch_api.o
  LD      drivers/base/built-in.o
  CC      drivers/firmware/dmi_scan.o
  CC      mm/swap_state.o
  CC      drivers/devkit/tpkit/huawei_ts_kit_csvparse.o
  CC      drivers/devkit/tpkit/tp_color.o
  CC      crypto/asymmetric_keys/signature.o
  CC      net/sctp/sm_make_chunk.o
  CC      crypto/asymmetric_keys/public_key.o
  CC      mm/swapfile.o
  CC      lib/lzo/lzo1x_decompress_safe.o
  LD      drivers/devkit/tpkit/built-in.o
  CC      net/sched/sch_blackhole.o
  CC      net/sctp/ulpevent.o
  CC      kernel/irq/spurious.o
  CC      drivers/edac/edac_mc.o
  CC      lib/lz4/lz4_decompress.o
  CC      kernel/irq/resend.o
  CC      net/ipv6/tcp_ipv6.o
  CC      kernel/irq/chip.o
  CC      net/ipv6/ping.o
  CC      net/sctp/inqueue.o
  CC      net/sctp/outqueue.o
  CC      sound/hw_audio_info.o
  CC      fs/block_dev.o
  CC      kernel/locking/mutex.o
  CC      drivers/firmware/dmi-id.o
  CC      net/sctp/ulpqueue.o
  LD      lib/lzo/lzo_compress.o
  CC      kernel/power/qos.o
  CC      fs/direct-io.o
  CC      sound/soc/soc-devres.o
  CC      net/netfilter/nf_conntrack_helper.o
  CC      kernel/locking/semaphore.o
  CC      crypto/asymmetric_keys/rsa.o
  LD      lib/lz4/built-in.o
  CC      net/ipv4/tcp_cong.o
  CC      net/sctp/tsnmap.o
  LD      lib/lzo/lzo_decompress.o
  LD      lib/lzo/built-in.o
  CC      drivers/firmware/qcom/tz_log.o
  CC      mm/swap_ratio.o
  CC      drivers/firmware/efi/efi.o
  CC      net/sctp/bind_addr.o
  CC      drivers/edac/edac_device.o
  LD      drivers/firmware/qcom/built-in.o
  CC      lib/mpi/generic_mpih-lshift.o
  CC      mm/zcache.o
  CC      kernel/irq/dummychip.o
  CC      net/core/filter.o
  CC      kernel/power/main.o
  CC      net/sctp/socket.o
  CC      net/ipv6/exthdrs.o
  CC      drivers/firmware/efi/vars.o
  CC      mm/dmapool.o
  CC      lib/mpi/generic_mpih-mul1.o
  CC      lib/mpi/generic_mpih-mul2.o
  CC      net/sched/cls_api.o
  CC      mm/sparse.o
  CC      kernel/locking/rwsem.o
  CC      lib/mpi/generic_mpih-mul3.o
  CC      crypto/asymmetric_keys/x509-asn1.o
  CC      fs/mpage.o
  CC      crypto/asymmetric_keys/x509_rsakey-asn1.o
  CC      drivers/edac/edac_mc_sysfs.o
  CC      lib/mpi/generic_mpih-rshift.o
  CC      crypto/asymmetric_keys/x509_cert_parser.o
  CC      crypto/hash_info.o
  CC      lib/reed_solomon/reed_solomon.o
  CC      kernel/irq/devres.o
  CC      lib/mpi/generic_mpih-sub1.o
  CC      drivers/edac/edac_pci_sysfs.o
  CC      drivers/edac/edac_module.o
  CC      net/netfilter/nf_conntrack_proto.o
  CC      kernel/power/process.o
  CC      kernel/locking/mcs_spinlock.o
  CC      lib/mpi/generic_mpih-add1.o
  CC      crypto/asymmetric_keys/x509_public_key.o
  LD      sound/soundcore.o
  CC      net/netfilter/nf_conntrack_l3proto_generic.o
  CC      mm/sparse-vmemmap.o
  CC      kernel/locking/spinlock.o
  CC      lib/mpi/mpicoder.o
  CC      kernel/power/suspend.o
  CC      net/core/sock_diag.o
  CC      mm/slub.o
  CC      net/ipv4/tcp_metrics.o
  CC      drivers/firmware/efi/reboot.o
  CC      kernel/power/hw_power_monitor.o
  CC      kernel/irq/autoprobe.o
  CC      fs/proc_namespace.o
  LD      lib/reed_solomon/built-in.o
  CC      kernel/irq/irqdomain.o
  CC      kernel/locking/lglock.o
  CC      drivers/firmware/efi/runtime-wrappers.o
  CC      mm/migrate.o
  CC      net/ipv6/datagram.o
  LD      drivers/firmware/efi/built-in.o
  LD      drivers/firmware/built-in.o
  CC      net/sched/act_api.o
  CC      sound/soc/codecs/msm_hdmi_dba_codec_rx.o
  CC      mm/cleancache.o
  CC      fs/configfs/inode.o
  CC      net/sctp/primitive.o
  LD      crypto/asymmetric_keys/asymmetric_keys.o
  CC      drivers/edac/edac_device_sysfs.o
  LD      crypto/asymmetric_keys/x509_key_parser.o
  LD      crypto/asymmetric_keys/built-in.o
  CC      crypto/ablk_helper.o
  CC      fs/configfs/file.o
  CC      lib/mpi/mpi-bit.o
  CC      drivers/edac/edac_pci.o
  CC      sound/soc/codecs/tas2560-core.o
  CC      net/sctp/output.o
  CC      kernel/irq/proc.o
  CC      fs/configfs/dir.o
  CC      lib/mpi/mpi-cmp.o
  CC      sound/soc/codecs/tas2560-misc.o
  CC      net/sctp/input.o
  CC      fs/configfs/symlink.o
  CC      drivers/edac/cortex_arm64_edac.o
  CC      kernel/locking/rtmutex.o
  CC      net/netfilter/nf_conntrack_proto_generic.o
  CC      sound/soc/codecs/tas2560-codec.o
  CC      kernel/printk/printk.o
  CC      kernel/power/autosleep.o
  CC      net/core/dev_ioctl.o
  CC      net/ipv6/ip6_flowlabel.o
  CC      net/sctp/debug.o
  CC      kernel/irq/pm.o
  CC      net/netfilter/nf_conntrack_proto_tcp.o
  CC      sound/soc/codecs/tas2560-regmap.o
  CC      kernel/power/wakelock.o
  CC      mm/page_isolation.o
  CC      net/ipv4/tcp_fastopen.o
  CC      kernel/irq/msi.o
  CC      net/sctp/ssnmap.o
  CC      drivers/gpio/devres.o
  CC      kernel/power/poweroff.o
  CC      sound/soc/codecs/tas2560-calib.o
  CC      net/unix/af_unix.o
  CC      net/sctp/auth.o
  CC      mm/zbud.o
  CC      kernel/power/wakeup_reason.o
  LD      crypto/crypto.o
  CC      sound/soc/codecs/wcd9330.o
  LD      crypto/crypto_algapi.o
  CC      net/sctp/proc.o
  CC      mm/zsmalloc.o
  LD      crypto/crypto_blkcipher.o
  LD      kernel/power/built-in.o
  LD      crypto/crypto_hash.o
  CC      kernel/locking/rwsem-xadd.o
  LD      drivers/edac/edac_core.o
  LD      crypto/cryptomgr.o
  CC      net/sched/sch_fifo.o
  CC      lib/mpi/mpih-cmp.o
  CC      fs/configfs/mount.o
  LD      crypto/built-in.o
  LD      drivers/edac/built-in.o
  CC      mm/early_ioremap.o
  CC      net/sctp/sysctl.o
  CC      mm/cma.o
  CC      lib/mpi/mpih-div.o
  CC      fs/configfs/item.o
  CC      net/sctp/ipv6.o
  CC      net/ipv4/tcp_offload.o
  CC      lib/mpi/mpih-mul.o
  CC      net/netfilter/nf_conntrack_proto_udp.o
  CC      kernel/rcu/update.o
  CC      drivers/gpio/gpiolib.o
  LD      net/sctp/sctp.o
  LD      kernel/printk/built-in.o
  LD      kernel/irq/built-in.o
  LD      net/sctp/built-in.o
  CC      lib/mpi/mpi-pow.o
  CC      net/sched/sch_htb.o
  CC      net/core/tso.o
  CC      fs/debugfs/inode.o
  CC      fs/crypto/crypto.o
  CC      fs/crypto/fname.o
  CC      sound/soc/codecs/wcd9330-tables.o
  LD      kernel/locking/built-in.o
  CC      drivers/gpu/vga/vgaarb.o
  CC      net/ipv6/inet6_connection_sock.o
  CC      mm/cma_debug.o
  CC      fs/debugfs/file.o
  LD      fs/configfs/configfs.o
  CC      kernel/rcu/srcu.o
  LD      fs/configfs/built-in.o
  CC      fs/crypto/hooks.o
  CC      net/unix/garbage.o
  CC      sound/soc/codecs/wcd9335.o
  CC      net/sched/sch_prio.o
  CC      lib/mpi/mpiutil.o
  CC      net/unix/sysctl_net_unix.o
  CC      drivers/hid/hid-debug.o
  CC      net/sched/cls_u32.o
  LD      net/unix/unix.o
  LD      net/unix/built-in.o
  CC      net/ipv4/datagram.o
  CC      net/netfilter/nf_conntrack_extend.o
  CC      drivers/hid/hid-core.o
  CC      drivers/gpio/gpiolib-legacy.o
  LD      drivers/gpu/vga/built-in.o
  LD      fs/debugfs/debugfs.o
  CC      drivers/gpu/msm/kgsl.o
  CC      net/sched/cls_fw.o
  LD      fs/debugfs/built-in.o
  CC      kernel/sched/qhmp_core.o
  CC      kernel/rcu/tree.o
  CC      lib/zlib_deflate/deflate.o
  CC      fs/crypto/keyinfo.o
  CC      net/sched/cls_flow.o
  CC      drivers/huawei/store_exception/store_exception.o
  CC      fs/crypto/policy.o
  CC      net/core/flow.o
  CC      lib/zlib_deflate/deftree.o
  CC      mm/usercopy.o
  CC      kernel/time/time.o
  CC      kernel/trace/trace_clock.o
  CC      net/sched/ematch.o
  CC      lib/zlib_deflate/deflate_syms.o
  LD      drivers/huawei/store_exception/built-in.o
  LD      drivers/huawei/built-in.o
  LD      lib/mpi/mpi.o
  CC      drivers/gpio/gpiolib-of.o
  CC      kernel/time/timer.o
  LD      lib/mpi/built-in.o
  CC      sound/soc/codecs/wcdcal-hwdep.o
  CC      net/ipv6/sysctl_net_ipv6.o
  CC      drivers/hid/hid-input.o
  CC      kernel/time/hrtimer.o
  CC      net/ipv6/xfrm6_policy.o
  CC      net/sched/em_cmp.o
  LD      mm/built-in.o
  CC      fs/crypto/bio.o
  CC      net/ipv6/xfrm6_state.o
  CC      kernel/time/itimer.o
  CC      drivers/gpu/msm/kgsl_trace.o
  LD      kernel/rcu/built-in.o
  CC      kernel/time/posix-timers.o
  LD      lib/zlib_deflate/zlib_deflate.o
  CC      kernel/trace/ring_buffer.o
  CC      net/netfilter/nf_conntrack_acct.o
  LD      lib/zlib_deflate/built-in.o
  CC      net/core/net-sysfs.o
  CC      net/netfilter/nf_conntrack_seqadj.o
  CC      net/ipv6/xfrm6_input.o
  CC      sound/soc/codecs/audio-ext-clk.o
  CC      lib/zlib_inflate/inffast.o
  CC      drivers/gpio/gpiolib-sysfs.o
  CC      kernel/sched/qhmp_fair.o
  CC      net/ipv4/raw.o
  CC      sound/soc/codecs/wcd9xxx-resmgr.o
  CC      lib/zlib_inflate/inflate.o
  CC      net/sched/em_nbyte.o
  CC      kernel/sched/qhmp_rt.o
  CC      net/sched/em_u32.o
  CC      sound/soc/codecs/wcd9xxx-mbhc.o
  CC      lib/zlib_inflate/infutil.o
  CC      lib/textsearch.o
  CC      sound/soc/codecs/wcd9xxx-common.o
  CC      drivers/gpio/qpnp-pin.o
  CC      kernel/sched/proc.o
  CC      net/sched/em_meta.o
  CC      lib/zlib_inflate/inftrees.o
  CC      drivers/hid/hidraw.o
  CC      lib/zlib_inflate/inflate_syms.o
  CC      net/sched/em_text.o
  CC      net/wireless/core.o
  LD      fs/crypto/fscrypto.o
  LD      fs/crypto/built-in.o
  CC      lib/ts_kmp.o
  CC      kernel/time/posix-cpu-timers.o
  LD      net/sched/built-in.o
  CC      fs/devpts/inode.o
  CC      kernel/time/timekeeping.o
  CC      lib/ts_bm.o
  CC      kernel/trace/trace.o
  CC      kernel/sched/clock.o
  LD      fs/devpts/devpts.o
  CC      drivers/gpu/msm/kgsl_cmdbatch.o
  CC      net/ipv6/xfrm6_output.o
  LD      fs/devpts/built-in.o
  CC      drivers/huawei_cc/cpuinfo/cpuinfo.o
  CC      net/wireless/sysfs.o
  CC      drivers/hid/uhid.o
  LD      drivers/huawei_cc/cpuinfo/built-in.o
  CC      drivers/gpio/gpio-msm-smp2p.o
  CC      net/core/net-procfs.o
  LD      drivers/huawei_cc/built-in.o
  LD      lib/zlib_inflate/zlib_inflate.o
  CC      net/core/fib_rules.o
  LD      lib/zlib_inflate/built-in.o
  CC      fs/ext2/balloc.o
  CC      drivers/hid/hid-generic.o
  CC      net/wireless/radiotap.o
  CC      net/ipv6/xfrm6_protocol.o
  CC      lib/ts_fsm.o
  CC      net/ipv4/udp.o
  CC      kernel/freezer.o
  CC      fs/ext2/dir.o
  LD      drivers/gpio/built-in.o
  CC      kernel/time/ntp.o
  CC      net/netfilter/nf_conntrack_ecache.o
  CC      fs/ext2/file.o
  CC      drivers/hid/hid-apple.o
  CC      lib/percpu_counter.o
  CC      net/ipv6/netfilter.o
  CC      sound/soc/codecs/wcd9xxx-common-v2.o
  CC      net/netfilter/nf_conntrack_proto_dccp.o
  CC      net/core/net-traces.o
  CC      fs/ext2/ialloc.o
  CC      kernel/time/clocksource.o
  CC      kernel/sched/cputime.o
  CC      drivers/hid/hid-elecom.o
  CC      fs/ext2/inode.o
  CC      drivers/gpu/msm/kgsl_ioctl.o
  CC      kernel/sched/idle_task.o
  CC      sound/soc/codecs/wcd9xxx-resmgr-v2.o
  CC      drivers/hid/hid-magicmouse.o
  CC      fs/ext2/ioctl.o
  CC      kernel/trace/trace_output.o
  CC      kernel/sched/deadline.o
  CC      net/netfilter/nf_conntrack_proto_gre.o
  CC      fs/ext2/namei.o
  CC      kernel/sched/stop_task.o
  CC      drivers/hid/hid-microsoft.o
  CC      kernel/sched/wait.o
  CC      fs/ext2/super.o
  CC      drivers/gpu/msm/kgsl_sharedmem.o
  CC      drivers/hid/hid-multitouch.o
  CC      fs/ext2/symlink.o
  CC      net/xfrm/xfrm_policy.o
  CC      net/compat.o
  CC      lib/audit.o
  CC      kernel/time/jiffies.o
  CC      drivers/hw_fac_info/hw_fac_info.o
  CC      fs/ext2/xattr.o
  CC      drivers/huawei_platform/antenna_board_gpio_match/antenna_boardid_detect/antenna_boardid_gpio_detect.o
  CC      drivers/hid/usbhid/hid-core.o
  CC      sound/soc/codecs/msm8x16-wcd.o
  CC      net/wireless/util.o
  CC      lib/compat_audit.o
  CC      net/ipv4/udplite.o
  CC      fs/ext2/xattr_user.o
  CC      drivers/hid/usbhid/hid-quirks.o
  LD      drivers/huawei_platform/antenna_board_gpio_match/antenna_boardid_detect/built-in.o
  LD      drivers/huawei_platform/antenna_board_gpio_match/built-in.o
  CC      lib/swiotlb.o
  CC      drivers/hw_fac_info/config_interface.o
  CC      fs/ext2/xattr_trusted.o
  LD      drivers/hw_fac_info/built-in.o
  CC      drivers/huawei_platform/antenna_cable/antenna_cable_state.o
  CC      kernel/sched/completion.o
  CC      net/sysctl_net.o
  CC      drivers/hid/usbhid/hiddev.o
  LD      fs/ext2/ext2.o
  CC      net/ipv6/fib6_rules.o
  CC      drivers/huawei_platform/log/hwlog_kernel.o
  CC      kernel/trace/trace_seq.o
  LD      fs/ext2/built-in.o
  LD      drivers/huawei_platform/antenna_cable/built-in.o
  CC      net/xfrm/xfrm_state.o
  CC      net/core/sockev_nlmcast.o
  CC      drivers/gpu/msm/kgsl_pwrctrl.o
  CC      net/ipv6/proc.o
  CC      drivers/huawei_platform/log/imonitor_events.o
  CC      kernel/time/timer_list.o
  LD      net/core/built-in.o
  CC      net/netfilter/nf_conntrack_proto_udplite.o
  CC      fs/ext3/balloc.o
  CC      net/ipv6/syncookies.o
  CC      kernel/sched/idle.o
  CC      kernel/time/timeconv.o
  CC      kernel/profile.o
  CC      fs/ext3/bitmap.o
  CC      net/netfilter/nf_conntrack_netlink.o
  CC      sound/soc/codecs/msm8x16-wcd-tables.o
  CC      kernel/stacktrace.o
  CC      kernel/sched/sched_avg.o
  CC      fs/ext3/dir.o
  CC      sound/soc/codecs/msm8916-wcd-irq.o
  CC      net/netfilter/nf_conntrack_amanda.o
  CC      kernel/trace/trace_stat.o
  CC      kernel/time/posix-clock.o
  CC      fs/ext3/file.o
  CC      net/ipv4/udp_offload.o
  CC      lib/iommu-helper.o
  CC      kernel/trace/trace_printk.o
  CC      net/ipv6/ah6.o
  LD      drivers/hid/usbhid/usbhid.o
  LD      drivers/hid/usbhid/built-in.o
  CC      fs/ext3/fsync.o
  LD      drivers/hid/hid.o
  LD      drivers/hid/built-in.o
  LD      drivers/huawei_platform/log/built-in.o
  CC      fs/ext3/ialloc.o
  CC      lib/syscall.o
  CC      kernel/sched/cpupri.o
  CC      net/xfrm/xfrm_hash.o
  CC      kernel/sched/cpudeadline.o
  CC      drivers/gpu/msm/kgsl_pwrscale.o
  CC      drivers/huawei_platform/power/usb_short_circuit_protect/usb_short_circuit_protect.o
  CC      lib/nlattr.o
  CC      kernel/sched/cpuacct.o
  CC      fs/ext3/inode.o
  CC      net/ipv4/arp.o
  CC      net/wireless/reg.o
  CC      lib/checksum.o
  CC      net/activity_stats.o
  CC      kernel/futex.o
  CC      drivers/gpu/msm/kgsl_mmu.o
  LD      drivers/huawei_platform/power/usb_short_circuit_protect/built-in.o
  CC      lib/cpu_rmap.o
  CC      fs/ext3/ioctl.o
  CC      fs/ext4/balloc.o
  LD      drivers/huawei_platform/power/built-in.o
  CC      kernel/time/alarmtimer.o
  CC      lib/dynamic_queue_limits.o
  CC      net/ipv6/esp6.o
  CC      fs/ext3/namei.o
  CC      fs/ext4/bitmap.o
  CC      sound/soc/codecs/wcd_cpe_services.o
  CC      drivers/huawei_platform/sensor/hallsensor/ak8789.o
  CC      kernel/trace/trace_sched_switch.o
  CC      kernel/trace/trace_nop.o
../drivers/huawei_platform/sensor/hallsensor/ak8789.c: In function 'hall_parse_dt':
../drivers/huawei_platform/sensor/hallsensor/ak8789.c:641:3: warning: ISO C90 forbids mixed declarations and code [-Wdeclaration-after-statement]
   gpio_data_t  one_pole_config_for_rio[1]={
   ^
  CC      net/ipv6/ipcomp6.o
  LD      kernel/sched/built-in.o
  LD      drivers/huawei_platform/sensor/hallsensor/built-in.o
  CC      fs/ext3/super.o
  CC      sound/soc/codecs/wcd_cpe_core.o
  CC      net/ipv6/xfrm6_tunnel.o
  CC      kernel/trace/blktrace.o
  CC      fs/ext4/dir.o
  CC      kernel/time/clockevents.o
  CC      fs/ext3/symlink.o
  CC      net/xfrm/xfrm_input.o
  CC      drivers/hwmon/hwmon.o
  CC      net/wireless/scan.o
  CC      net/netfilter/nf_conntrack_ftp.o
  CC      drivers/huawei_platform/sensor/lpsensor/pa224.o
  CC      net/netfilter/nf_conntrack_h323_main.o
  CC      fs/ext4/file.o
  CC      fs/ext4/fsync.o
  CC      drivers/huawei_platform/sensor/hw_sensor_info.o
  CC      fs/ext3/hash.o
  CC      drivers/huawei_platform/sensor/lpsensor/rohm_bh1745.o
  CC      fs/f2fs/dir.o
  CC      net/netfilter/nf_conntrack_h323_asn1.o
  CC      drivers/gpu/msm/kgsl_snapshot.o
  CC      fs/ext3/resize.o
  CC      kernel/trace/trace_events.o
  CC      fs/ext4/ialloc.o
  CC      kernel/trace/trace_export.o
  CC      fs/f2fs/file.o
  CC      drivers/huawei_platform/sensor/lpsensor/apds9251.o
  CC      fs/ext3/ext3_jbd.o
  CC      net/netfilter/nf_conntrack_irc.o
  CC      lib/strncpy_from_user.o
  CC      sound/soc/codecs/wcd-mbhc-v2.o
  CC      fs/f2fs/inode.o
../sound/soc/codecs/wcd-mbhc-v2.c: In function 'wcd_correct_swch_plug':
../sound/soc/codecs/wcd-mbhc-v2.c:1314:1: warning: label 'correct_plug_type' defined but not used [-Wunused-label]
 correct_plug_type:
 ^
  CC      fs/ext4/inode.o
  CC      drivers/huawei_platform/sensor/lpsensor/apds9110.o
  CC      net/ipv6/tunnel6.o
  CC      fs/ext3/xattr.o
  CC      fs/f2fs/namei.o
  CC      net/ipv4/icmp.o
  CC      fs/ext4/page-io.o
  LD      drivers/huawei_platform/sensor/lpsensor/built-in.o
  CC      drivers/hwmon/epm_adc.o
  LD      drivers/huawei_platform/sensor/built-in.o
  CC      fs/ext3/xattr_user.o
  CC      kernel/time/tick-common.o
  LD      drivers/huawei_platform/built-in.o
  CC      fs/f2fs/hash.o
  CC      fs/ext4/ioctl.o
  CC      fs/ext4/namei.o
  CC      drivers/hwmon/qpnp-adc-voltage.o
  CC      kernel/time/tick-broadcast.o
  CC      fs/ext3/xattr_trusted.o
  CC      net/xfrm/xfrm_output.o
  CC      net/ipv4/devinet.o
  CC      drivers/hwspinlock/hwspinlock_core.o
  CC      fs/f2fs/super.o
  CC      fs/ext4/super.o
  CC      lib/strnlen_user.o
  LD      fs/ext3/ext3.o
  CC      drivers/hwspinlock/msm_remote_spinlock.o
  CC      kernel/time/tick-broadcast-hrtimer.o
  LD      fs/ext3/built-in.o
  CC      net/ipv4/af_inet.o
  CC      fs/ext4/symlink.o
  CC      fs/f2fs/inline.o
  CC      kernel/trace/trace_event_perf.o
  CC      sound/soc/codecs/wsa881x.o
  CC      net/ipv6/xfrm6_mode_transport.o
  CC      drivers/gpu/msm/kgsl_events.o
  CC      fs/ext4/hash.o
  CC      kernel/time/sched_clock.o
  CC      net/ipv4/igmp.o
  CC      fs/f2fs/checkpoint.o
  CC      net/xfrm/xfrm_sysctl.o
  CC      kernel/time/tick-oneshot.o
  CC      fs/ext4/resize.o
  CC      fs/f2fs/gc.o
  CC      sound/soc/codecs/wsa881x-tables.o
  CC      lib/net_utils.o
  CC      fs/ext4/extents.o
  CC      sound/soc/msm/msm-pcm-hostless.o
  CC      kernel/time/tick-sched.o
  CC      net/netfilter/nf_conntrack_broadcast.o
  CC      net/wireless/nl80211.o
  CC      net/ipv6/xfrm6_mode_tunnel.o
  CC      net/ipv6/xfrm6_mode_beet.o
  CC      fs/f2fs/data.o
  CC      drivers/gpu/msm/kgsl_pool.o
  CC      fs/ext4/ext4_jbd2.o
  LD      drivers/hwspinlock/built-in.o
  CC      kernel/time/timekeeping_debug.o
  CC      drivers/hwmon/qpnp-adc-common.o
  CC      net/ipv6/mip6.o
  CC      kernel/trace/trace_events_filter.o
  CC      fs/f2fs/node.o
  CC      net/wireless/mlme.o
  CC      sound/soc/msm/msm-dai-fe.o
  CC      fs/ext4/migrate.o
  CC      net/xfrm/xfrm_replay.o
  CC      fs/f2fs/segment.o
  CC      kernel/trace/trace_events_trigger.o
  CC      fs/ext4/mballoc.o
  CC      fs/f2fs/recovery.o
  CC      sound/soc/msm/msm-cpe-lsm.o
  CC      fs/ext4/block_validity.o
  CC      sound/soc/codecs/wsa881x-regmap.o
  CC      sound/soc/msm/qdsp6v2/msm-dai-slim.o
  CC      fs/f2fs/shrinker.o
  CC      drivers/gpu/msm/kgsl_iommu.o
  CC      fs/ext4/move_extent.o
  CC      net/netfilter/nf_conntrack_netbios_ns.o
  CC      net/ipv6/ip6_vti.o
  CC      fs/f2fs/extent_cache.o
  CC      net/ipv6/netfilter/ip6_tables.o
  CC      drivers/gpu/msm/kgsl_debugfs.o
  CC      sound/soc/msm/qdsp6v2/audio_slimslave.o
  CC      fs/ext4/mmp.o
  CC      net/ipv6/sit.o
  CC      lib/asn1_decoder.o
  CC      kernel/trace/power-traces.o
  CC      fs/f2fs/sysfs.o
  LD      kernel/time/built-in.o
  CC      fs/f2fs/debug.o
  CC      drivers/hwmon/qpnp-adc-current.o
  CC      sound/soc/msm/qdsp6v2/msm-dai-q6-v2.o
  CC      net/ipv4/fib_frontend.o
  CC      fs/ext4/indirect.o
  CC      sound/soc/msm/msm8952.o
  CC      net/ipv6/ip6_tunnel.o
  CC      drivers/gpu/msm/kgsl_sync.o
  CC      kernel/trace/rpm-traces.o
  CC      lib/oid_registry.o
  CC      fs/f2fs/xattr.o
  CC      net/ipv6/netfilter/ip6table_filter.o
  CC      sound/soc/msm/qdsp6v2/msm-pcm-q6-v2.o
  CC      net/ipv6/netfilter/ip6table_mangle.o
  CC      fs/ext4/extents_status.o
  CC      drivers/gpu/msm/kgsl_compat.o
  CC      net/xfrm/xfrm_proc.o
  CC      fs/f2fs/acl.o
  CC      net/netfilter/nf_conntrack_pptp.o
  CC      net/ipv6/addrconf_core.o
  CC      sound/soc/msm/qdsp6v2/msm-pcm-routing-v2.o
  CC      lib/ucs2_string.o
  CC      net/wireless/ibss.o
  CC      net/ipv4/fib_semantics.o
  CC      drivers/gpu/msm/adreno_ioctl.o
  CC      fs/ext4/xattr.o
  LD      fs/f2fs/f2fs.o
  LD      fs/f2fs/built-in.o
  CC      kernel/futex_compat.o
  CC      fs/ext4/xattr_user.o
  CC      net/xfrm/xfrm_algo.o
  CC      drivers/gpu/msm/adreno_ringbuffer.o
  CC      sound/soc/codecs/wsa881x-analog.o
  CC      net/ipv6/netfilter/ip6table_raw.o
  CC      fs/ext4/xattr_trusted.o
  CC      kernel/smp.o
  LD      drivers/hwmon/built-in.o
  CC      drivers/hwusb/hw_gadget/hw_usb_rwswitch.o
  CC      fs/ext4/inline.o
  CC      drivers/gpu/msm/adreno_drawctxt.o
  CC      net/ipv4/fib_trie.o
  CC      net/ipv4/inet_fragment.o
  CC      drivers/gpu/msm/adreno_dispatch.o
  CC      kernel/trace/ipc_logging.o
  CC      net/ipv6/netfilter/nf_conntrack_l3proto_ipv6.o
  CC      sound/soc/msm/qdsp6v2/msm-compress-q6-v2.o
  CC      sound/soc/codecs/wsa881x-tables-analog.o
  CC      fs/ext4/readpage.o
  CC      lib/qmi_encdec.o
  CC      net/netfilter/nf_conntrack_sane.o
  CC      drivers/gpu/msm/adreno_snapshot.o
  CC      fs/fat/cache.o
  CC      net/ipv6/netfilter/nf_conntrack_proto_icmpv6.o
  CC      fs/ext4/xattr_security.o
  CC      drivers/gpu/msm/adreno_coresight.o
  CC      net/ipv6/netfilter/nf_defrag_ipv6_hooks.o
  CC      fs/fat/dir.o
  CC      net/wireless/sme.o
  LD      fs/ext4/ext4.o
  CC      drivers/hwusb/hw_gadget/hw_usb_sync_host_time.o
  CC      fs/fat/fatent.o
  CC      drivers/gpu/msm/adreno_trace.o
  LD      fs/ext4/built-in.o
  CC      fs/jbd/transaction.o
  CC      fs/fat/file.o
  CC      net/netfilter/nf_conntrack_tftp.o
  CC      fs/fuse/dev.o
  CC      drivers/gpu/msm/adreno_a3xx.o
  CC      sound/soc/msm/qdsp6v2/msm-pcm-lpa-v2.o
  CC      sound/soc/codecs/wsa881x-regmap-analog.o
  CC      fs/jbd/commit.o
  CC      drivers/gpu/msm/adreno_a4xx.o
  CC      kernel/trace/ipc_logging_debug.o
  CC      drivers/gpu/msm/adreno_a5xx.o
  CC      sound/soc/msm/qdsp6v2/msm-pcm-afe-v2.o
  CC      net/xfrm/xfrm_user.o
  CC      net/wireless/chan.o
  CC      fs/jbd/recovery.o
  CC      fs/jbd/checkpoint.o
  CC      drivers/gpu/msm/adreno_a3xx_snapshot.o
  CC      sound/soc/msm/qdsp6v2/msm-pcm-voip-v2.o
  CC      lib/argv_split.o
  CC      net/xfrm/xfrm_ipcomp.o
  CC      fs/fat/inode.o
  CC      drivers/gpu/msm/adreno_a4xx_snapshot.o
  CC      fs/jbd/revoke.o
  CC      sound/soc/msm/qdsp6v2/msm-pcm-voice-v2.o
  CC      drivers/i2c/i2c-boardinfo.o
  CC      drivers/gpu/msm/adreno_a5xx_snapshot.o
  CC      fs/jbd/journal.o
  CC      lib/bug.o
  CC      sound/soc/msm/qdsp6v2/msm-dai-q6-hdmi-v2.o
  CC      sound/soc/msm/msm-audio-pinctrl.o
  LD      drivers/hwusb/hw_gadget/built-in.o
  LD      drivers/hwusb/built-in.o
  CC      kernel/uid16.o
  CC      drivers/gpu/msm/adreno_a4xx_preempt.o
  CC      lib/clz_tab.o
  CC      sound/soc/msm/qdsp6v2/msm-lsm-client.o
  CC      fs/fat/misc.o
  CC      fs/jbd2/transaction.o
  CC      fs/fuse/dir.o
  CC      fs/fat/nfs.o
  CC      lib/cmdline.o
  CC      kernel/system_keyring.o
  LD      kernel/trace/built-in.o
  CC      net/ipv4/ping.o
  CC      sound/soc/codecs/wsa881x-irq.o
  CC      net/ipv6/netfilter/nf_conntrack_reasm.o
  CC      sound/soc/msm/qdsp6v2/msm-pcm-host-voice-v2.o
  CC      net/wireless/ethtool.o
  CC      drivers/gpu/msm/adreno_a5xx_preempt.o
  CC      net/ipv6/exthdrs_core.o
  CC      net/wireless/mesh.o
  CC      fs/fuse/file.o
  CC      net/netfilter/nf_log_common.o
  CC      sound/soc/codecs/wsa881x-temp-sensor.o
  CC      drivers/gpu/msm/adreno_sysfs.o
  CC      lib/cpumask.o
  CC      sound/soc/msm/qdsp6v2/msm-audio-effects-q6-v2.o
  CC      net/ipv6/netfilter/nf_log_ipv6.o
  CC      fs/jbd2/commit.o
  CC      drivers/gpu/msm/adreno.o
  CC      sound/soc/msm/qdsp6v2/msm-pcm-loopback-v2.o
  CC      net/wireless/ap.o
  CC      drivers/i2c/i2c-core.o
  CC      net/ipv6/netfilter/nf_reject_ipv6.o
  CC      net/netfilter/nf_nat_core.o
  CC      sound/soc/codecs/msm_stub.o
  CC      drivers/gpu/msm/adreno_cp_parser.o
  CC      sound/soc/msm/qdsp6v2/adsp_err.o
  CC      kernel/module.o
  CC      net/ipv6/netfilter/ip6t_rpfilter.o
  CC      drivers/gpu/msm/adreno_perfcounter.o
  CC      net/ipv6/netfilter/ip6t_REJECT.o
  CC      sound/soc/msm/qdsp6v2/msm-pcm-dtmf-v2.o
  LD      net/xfrm/built-in.o
  CC      kernel/kallsyms.o
  CC      fs/kernfs/mount.o
  LD      fs/jbd/jbd.o
  LD      fs/jbd/built-in.o
  CC      fs/jbd2/recovery.o
  CC      drivers/gpu/msm/adreno_iommu.o
  CC      lib/ctype.o
  CC      sound/soc/msm/qdsp6v2/msm-dai-stub-v2.o
  CC      fs/fat/namei_vfat.o
  CC      net/wireless/trace.o
  CC      fs/kernfs/inode.o
  CC      net/ipv4/ip_tunnel_core.o
  CC      net/netfilter/nf_nat_proto_unknown.o
  CC      drivers/gpu/msm/adreno_debugfs.o
  CC      fs/fat/namei_msdos.o
  CC      fs/fuse/inode.o
  CC      kernel/compat.o
  CC      fs/kernfs/dir.o
  CC      sound/soc/msm/qdsp6v2/msm-pcm-routing-devdep.o
  CC      lib/dec_and_lock.o
  CC      fs/jbd2/checkpoint.o
  CC      sound/soc/codecs/max98925.o
  CC      drivers/gpu/msm/adreno_profile.o
  LD      fs/fat/fat.o
  LD      fs/fat/vfat.o
  CC      net/wireless/regdb.o
  LD      fs/fat/msdos.o
  CC      sound/soc/msm/qdsp6v2/msm-dolby-dap-config.o
  LD      fs/fat/built-in.o
  CC      fs/jbd2/revoke.o
  CC      drivers/gpu/msm/adreno_compat.o
  CC      kernel/cgroup.o
  CC      sound/soc/msm/qdsp6v2/msm-ds2-dap-config.o
  CC      fs/kernfs/file.o
  CC      lib/decompress.o
  CC      fs/jbd2/journal.o
  CC      kernel/cgroup_freezer.o
  CC      sound/soc/codecs/tfa98xx/tfa98xx.o
  LD      drivers/gpu/msm/msm_kgsl_core.o
  CC      sound/soc/msm/qdsp6v2/msm-dts-srs-tm-config.o
  CC      lib/decompress_bunzip2.o
  LD      drivers/gpu/msm/msm_adreno.o
  CC      net/netfilter/nf_nat_proto_common.o
  CC      net/wireless/wext-core.o
  CC      sound/soc/codecs/tfa98xx/tfa_container.o
  LD      drivers/gpu/msm/built-in.o
  CC      lib/decompress_inflate.o
  CC      drivers/input/input.o
  LD      drivers/gpu/built-in.o
  CC      lib/decompress_unlzma.o
  CC      drivers/input/serio/serio.o
  CC      fs/nls/nls_base.o
  CC      sound/soc/msm/qdsp6v2/msm-qti-pp-config.o
  CC      sound/soc/codecs/tfa98xx/tfa_dsp.o
  CC      net/ipv6/ip6_checksum.o
  LD      net/ipv6/netfilter/nf_conntrack_ipv6.o
  CC      sound/soc/msm/qdsp6v2/audio_calibration.o
  LD      net/ipv6/netfilter/nf_defrag_ipv6.o
  CC      lib/dump_stack.o
  LD      net/ipv6/netfilter/built-in.o
  CC      drivers/i2c/i2c-dev.o
  CC      sound/soc/codecs/tfa98xx/tfa9888_init.o
  CC      fs/fuse/control.o
  CC      drivers/input/serio/serport.o
  CC      sound/soc/msm/qdsp6v2/audio_cal_utils.o
  CC      fs/notify/fsnotify.o
  CC      sound/soc/codecs/tfa98xx/tfa9891_init.o
  CC      lib/earlycpio.o
  CC      sound/soc/msm/qdsp6v2/q6adm.o
  CC      drivers/input/input-compat.o
  CC      fs/nls/nls_cp437.o
  CC      drivers/i2c/i2c-mux.o
  CC      fs/fuse/shortcircuit.o
  CC      net/ipv4/gre_offload.o
  CC      fs/kernfs/symlink.o
  CC      fs/nls/nls_ascii.o
  CC      sound/soc/codecs/tfa98xx/tfa9897_init.o
  CC      fs/notify/notification.o
  LD      fs/kernfs/built-in.o
  LD      fs/fuse/fuse.o
  CC      drivers/iommu/iommu.o
  CC      sound/soc/msm/qdsp6v2/q6afe.o
  LD      fs/fuse/built-in.o
  LD      sound/soc/snd-soc-core.o
  CC      net/ipv4/ip_tunnel.o
  CC      net/ipv6/ip6_icmp.o
  CC      net/wireless/wext-proc.o
  CC      sound/soc/codecs/tfa98xx/tfa9890_init.o
  CC      fs/nls/nls_iso8859-1.o
  CC      kernel/cpuset.o
  CC      lib/extable.o
  CC      sound/soc/codecs/tfa98xx/tfa9887B_init.o
  CC      drivers/input/serio/libps2.o
  LD      fs/jbd2/jbd2.o
  CC      fs/nls/nls_utf8.o
  LD      fs/jbd2/built-in.o
  CC      drivers/irqchip/irqchip.o
  CC      sound/soc/codecs/tfa98xx/tfa9887_init.o
  CC      fs/notify/group.o
  CC      lib/fdt.o
  CC      net/netfilter/nf_nat_proto_udp.o
  CC      net/ipv6/output_core.o
  CC      sound/soc/msm/msm8952-slimbus.o
  CC      lib/fdt_empty_tree.o
  LD      fs/nls/built-in.o
  CC      net/ipv4/sysctl_net_ipv4.o
  CC      drivers/irqchip/irq-gic.o
  LD      sound/soc/codecs/tfa98xx/snd-soc-tfa98xx.o
  CC      net/wireless/wext-spy.o
  CC      drivers/input/input-mt.o
  LD      sound/soc/codecs/tfa98xx/built-in.o
  CC      lib/fdt_ro.o
  CC      fs/notify/inode_mark.o
  LD      sound/soc/codecs/snd-soc-tas2560.o
  LD      sound/soc/codecs/snd-soc-wcd9330.o
  CC      sound/soc/msm/msm8952-dai-links.o
  CC      net/netfilter/nf_nat_proto_tcp.o
  CC      drivers/iommu/iommu-traces.o
  CC      drivers/i2c/busses/i2c-msm-v2.o
  CC      lib/fdt_rw.o
  LD      sound/soc/codecs/snd-soc-wcd9335.o
  CC      drivers/irqchip/irq-gic-common.o
  LD      sound/soc/codecs/audio-ext-clock.o
  CC      fs/notify/mark.o
  LD      sound/soc/codecs/snd-soc-wcd9xxx.o
  CC      lib/fdt_strerror.o
  CC      net/ipv4/sysfs_net_ipv4.o
  LD      sound/soc/codecs/snd-soc-wcd9xxx-v2.o
  LD      sound/soc/codecs/snd-soc-msm8952-wcd.o
  LD      drivers/i2c/busses/built-in.o
  LD      sound/soc/codecs/snd-soc-wcd-cpe.o
  LD      sound/soc/codecs/snd-soc-wcd-mbhc.o
  CC      drivers/irqchip/irq-gic-v2m.o
  LD      drivers/i2c/built-in.o
  CC      fs/notify/vfsmount_mark.o
  LD      sound/soc/codecs/snd-soc-wsa881x.o
  CC      lib/fdt_sw.o
  CC      drivers/irqchip/irq-gic-v3.o
  CC      net/netfilter/nf_nat_helper.o
  LD      sound/soc/codecs/snd-soc-wsa881x-analog.o
  CC      drivers/input/ff-core.o
  LD      sound/soc/codecs/snd-soc-wsa881x-sensor.o
  LD      sound/soc/codecs/snd-soc-msm-stub.o
  CC      fs/proc/task_mmu.o
  LD      sound/soc/msm/snd-soc-hostless-pcm.o
  CC      lib/fdt_wip.o
  LD      sound/soc/codecs/snd-soc-max98925.o
  CC      sound/soc/msm/qdsp6v2/q6asm.o
  CC      net/netfilter/nf_nat_proto_dccp.o
  LD      sound/soc/codecs/built-in.o
  CC      net/ipv6/protocol.o
  CC      net/wireless/wext-priv.o
  CC      fs/notify/fdinfo.o
  CC      drivers/irqchip/irq-gic-v3-its.o
  CC      lib/flex_proportions.o
  CC      sound/soc/msm/qdsp6v2/q6audio-v2.o
  CC      fs/proc/inode.o
  CHK     kernel/config_data.h
  LD      drivers/input/serio/built-in.o
  CC      net/ipv6/ip6_offload.o
  CC      lib/idr.o
  CC      net/ipv6/tcpv6_offload.o
-- KernelSU-Next Git repo detected at: /home/phoenix/m3lite/kernel/KernelSU-Next
  CC      fs/notify/dnotify/dnotify.o
-- KernelSU-Next version: 33132
-- KernelSU-Next tag: v3.2.0-legacy
-- KernelSU-Next Manager signature size: 0x3e6
-- KernelSU-Next Manager signature hash: 79e590113c4c4c0c222978e413a5faa801666957b1212a328e46c00c69821bf7
  CC      drivers/irqchip/irq-gic-v3-its-pci-msi.o
-- KernelSU-Next: Hook mode: Manual
  CC      kernel/res_counter.o
  CC      fs/proc/root.o
  CC      drivers/input/mousedev.o
  CC      drivers/irqchip/irq-msm.o
  CC      kernel/stop_machine.o
  LD      fs/notify/dnotify/built-in.o
  CC      net/ipv4/proc.o
  LD      sound/soc/msm/snd-soc-qdsp6v2.o
  CC      sound/soc/msm/qdsp6v2/q6voice.o
  CC      fs/pstore/inode.o
  CC      drivers/iommu/iommu-sysfs.o
  CC      fs/proc/base.o
  CC      lib/int_sqrt.o
  CC      drivers/irqchip/msm_show_resume_irq.o
  CC      net/netfilter/nf_nat_proto_udplite.o
  CC      fs/notify/inotify/inotify_fsnotify.o
  CC      fs/quota/dquot.o
  CC      kernel/audit.o
  CC      net/ipv4/fib_rules.o
  CC      sound/soc/msm/qdsp6v2/q6core.o
  CC      drivers/iommu/msm_dma_iommu_mapping.o
  CC      fs/pstore/platform.o
  LD      drivers/irqchip/built-in.o
  CC      drivers/input/evdev.o
  CC      fs/notify/inotify/inotify_user.o
  CC      fs/proc/generic.o
  CC      fs/proc/array.o
  CC      drivers/iommu/io-pgtable.o
  CC      fs/proc/fd.o
  LD      fs/notify/inotify/built-in.o
  LD      fs/notify/built-in.o
  CC      drivers/input/fingerprint/fingerprint.o
  CC      net/ipv6/udp_offload.o
  LD      net/wireless/cfg80211.o
  CC      drivers/leds/led-core.o
  CC      drivers/iommu/io-pgtable-arm.o
  CC      net/ipv4/udp_tunnel.o
  CC      lib/ioremap.o
  CC      fs/pstore/pmsg.o
  LD      net/wireless/built-in.o
  CC      kernel/auditfilter.o
  CC      drivers/iommu/of_iommu.o
  CC      drivers/leds/led-class.o
  CC      sound/soc/msm/qdsp6v2/rtac.o
  CC      kernel/auditsc.o
  LD      drivers/input/fingerprint/built-in.o
  CC      drivers/input/joystick/xpad.o
  CC      drivers/kernelsu/core/init.o
  CC      net/ipv4/ip_vti.o
  CC      drivers/kernelsu/compat/kernel_compat.o
  CC      net/netfilter/nf_nat_amanda.o
  CC      fs/pstore/ram.o
  CC      net/ipv6/exthdrs_offload.o
  CC      fs/quota/quota_v2.o
  LD      drivers/input/joystick/built-in.o
  CC      fs/pstore/ram_core.o
  CC      drivers/leds/led-triggers.o
  CC      net/netfilter/nf_nat_ftp.o
  CC      net/ipv4/syncookies.o
  CC      lib/irq_regs.o
  CC      drivers/input/keyboard/atkbd.o
  CC      drivers/kernelsu/feature/kernel_umount.o
  CC      fs/quota/quota_tree.o
  CC      net/ipv6/inet6_hashtables.o
  CC      fs/proc/proc_tty.o
  CC      sound/soc/msm/qdsp6v2/q6lsm.o
  LD      fs/pstore/pstore.o
  CC      net/netfilter/nf_nat_irc.o
  CC      drivers/input/keyboard/gpio_keys.o
  CC      drivers/input/misc/gpio_event.o
  LD      fs/pstore/ramoops.o
  LD      fs/pstore/built-in.o
  CC      fs/ramfs/inode.o
  CC      drivers/leds/leds-gpio.o
  CC      sound/soc/msm/qdsp6v2/msm-pcm-q6-noirq.o
  CC      net/netfilter/nf_nat_tftp.o
  CC      fs/proc/cmdline.o
  CC      drivers/kernelsu/feature/sucompat.o
  CC      drivers/input/misc/gpio_matrix.o
  CC      drivers/input/misc/gpio_input.o
  CC      drivers/iommu/iommu-debug.o
  LD      drivers/input/keyboard/built-in.o
  CC      fs/ramfs/file-mmu.o
  CC      lib/is_single_threaded.o
  CC      fs/proc/consoles.o
  CC      drivers/iommu/msm_iommu.o
  CC      net/ipv6/ip6_udp_tunnel.o
  CC      fs/proc/cpuinfo.o
  LD      sound/soc/msm/qdsp6v2/snd-soc-qdsp6v2.o
  CC      drivers/kernelsu/hook/hook_manager.o
  CC      net/netfilter/x_tables.o
  LD      fs/ramfs/ramfs.o
  CC      drivers/kernelsu/hook/lsm_hooks.o
  CC      lib/klist.o
  CC      drivers/input/misc/gpio_output.o
  LD      fs/ramfs/built-in.o
  LD      sound/soc/msm/qdsp6v2/built-in.o
  CC      fs/proc/devices.o
  CC      fs/sdcardfs/dentry.o
  CC      net/netfilter/xt_tcpudp.o
  CC      lib/kobject.o
  CC      drivers/leds/leds-qpnp.o
  CC      kernel/audit_watch.o
  CC      drivers/input/misc/gpio_axis.o
  CC      fs/proc/interrupts.o
  LD      sound/soc/msm/snd-soc-cpe.o
  CC      drivers/input/touchscreen/of_touchscreen.o
  LD      sound/soc/msm/snd-soc-msm8x16.o
  LD      net/ipv6/ipv6.o
  CC      drivers/kernelsu/hook/setuid_hook.o
  CC      drivers/leds/leds-qpnp-flash.o
  CC      drivers/input/misc/hbtp_input.o
  LD      sound/soc/msm/built-in.o
  CC      fs/sdcardfs/file.o
  CC      fs/sdcardfs/inode.o
  CC      drivers/md/dm.o
  CC      kernel/audit_tree.o
  CC      fs/proc/loadavg.o
  CC      fs/sdcardfs/main.o
  CC      fs/quota/quota.o
  CC      drivers/leds/leds-qpnp-wled.o
  LD      sound/soc/built-in.o
  CC      drivers/input/misc/hbtp_vm.o
  CC      drivers/md/dm-table.o
  CC      kernel/seccomp.o
  CC      drivers/kernelsu/extras.o
  CC      fs/proc/meminfo.o
  CC      drivers/input/misc/keychord.o
  CC      fs/quota/kqid.o
  CC      drivers/iommu/msm_iommu_domains.o
  CC      drivers/leds/leds-aw2015.o
  CC      fs/proc/stat.o
  CC      kernel/relay.o
  LD      sound/built-in.o
  CC      drivers/kernelsu/tiny_sulog.o
  CC      drivers/input/misc/uinput.o
  CC      fs/proc/uptime.o
  CC      net/ipv4/ah4.o
  LD      drivers/leds/built-in.o
  LD      drivers/input/misc/built-in.o
  CC      drivers/kernelsu/infra/file_wrapper.o
  CC      lib/kobject_uevent.o
  CC      drivers/iommu/msm_iommu_mapping.o
  CC      fs/proc/version.o
  CC      kernel/utsname_sysctl.o
  CC      fs/sdcardfs/super.o
  CC      fs/quota/netlink.o
  CC      drivers/input/touchscreen/atmel_mxt_ts.o
  CC      drivers/kernelsu/infra/seccomp_cache.o
  CC      net/ipv4/esp4.o
  CC      net/netfilter/xt_mark.o
  CC      fs/proc/softirqs.o
  CC      drivers/kernelsu/infra/su_mount_ns.o
  CC      fs/sdcardfs/lookup.o
  CC      fs/sdfat/sdfat.o
  CC      drivers/input/touchscreen/ft5x06_ts.o
  CC      fs/proc/namespaces.o
  CC      drivers/input/keyreset.o
  CC      net/ipv4/ipcomp.o
  CC      fs/sysfs/file.o
  CC      drivers/kernelsu/manager/apk_sign.o
  CC      fs/sdcardfs/mmap.o
  LD      net/ipv6/built-in.o
  CC      lib/md5.o
  CC      drivers/iommu/msm_iommu-v1.o
  CC      fs/sdfat/core.o
  CC      drivers/input/touchscreen/gen_vkeys.o
  CC      fs/proc/self.o
  CC      net/ipv4/xfrm4_tunnel.o
  CC      fs/proc/thread_self.o
  CC      drivers/kernelsu/manager/throne_tracker.o
  CC      fs/sdcardfs/packagelist.o
  CC      drivers/input/touchscreen/maxim_sti.o
  CC      drivers/md/dm-target.o
  CC      drivers/media/platform/msm/camera_v2/camera/camera.o
  CC      fs/sysfs/dir.o
  CC      drivers/media/radio/radio-iris.o
  CC      fs/sdfat/core_fat.o
  CC      net/ipv4/tunnel4.o
  CC      fs/proc/uid.o
  CC      kernel/taskstats.o
  CC      fs/sdcardfs/derived_perm.o
  CC      drivers/kernelsu/manager/pkg_observer.o
  CC      drivers/media/platform/msm/camera_v2/common/msm_camera_io_util.o
  CC      fs/tracefs/inode.o
  CC      fs/sdfat/core_exfat.o
  CC      drivers/media/radio/radio-iris-transport.o
  LD      drivers/input/touchscreen/built-in.o
  LD      drivers/media/platform/msm/camera_v2/camera/built-in.o
  CC      drivers/input/keycombo.o
  CC      fs/proc/proc_sysctl.o
  CC      drivers/kernelsu/policy/allowlist.o
  CC      net/netfilter/xt_connmark.o
  CC      kernel/tsacct.o
  CC      drivers/media/platform/msm/camera_v2/common/cam_smmu_api.o
  LD      fs/sdcardfs/sdcardfs.o
  CC      fs/sdfat/api.o
  CC      net/netfilter/xt_nat.o
  LD      fs/tracefs/tracefs.o
  LD      fs/tracefs/built-in.o
  LD      fs/sdcardfs/built-in.o
  LD      drivers/input/input-core.o
  CC      fs/proc/proc_net.o
  CC      drivers/mfd/mfd-core.o
  CC      drivers/media/radio/silabs/radio-silabs.o
  CC      drivers/kernelsu/policy/app_profile.o
  CC      drivers/misc/uid_stat.o
  CC      fs/sysfs/symlink.o
  CC      fs/sysfs/mount.o
  CC      kernel/tracepoint.o
  LD      drivers/input/built-in.o
  CC      fs/proc/kmsg.o
  LD      fs/quota/built-in.o
  CC      drivers/mmc/card/block.o
  CC      net/netfilter/xt_CLASSIFY.o
  CC      drivers/mmc/card/queue.o
  LD      drivers/media/radio/silabs/built-in.o
  CC      drivers/mfd/wcd9xxx-core.o
  CC      drivers/kernelsu/policy/feature.o
  CC      net/netfilter/xt_CONNSECMARK.o
  CC      drivers/kernelsu/runtime/boot_event.o
  CC      drivers/misc/eeprom/eeprom_93cx6.o
  CC      lib/plist.o
  CC      drivers/mmc/core/core.o
  CC      drivers/kernelsu/runtime/ksud_integration.o
  CC      lib/proportions.o
  CC      drivers/media/platform/msm/camera_v2/fd/msm_fd_dev.o
  CC      net/netfilter/xt_CT.o
  CC      drivers/md/dm-linear.o
  CC      fs/sdfat/blkdev.o
  CC      net/netfilter/xt_LOG.o
  CC      drivers/iommu/msm_iommu_dev-v1.o
  CC      lib/radix-tree.o
  CC      kernel/elfcore.o
  CC      drivers/kernelsu/selinux/selinux.o
  CC      drivers/media/platform/msm/camera_v2/fd/msm_fd_hw.o
  LD      drivers/media/radio/built-in.o
  CC      net/netfilter/xt_NETMAP.o
  CC      drivers/iommu/msm_iommu_sec.o
  CC      fs/sysfs/group.o
  CC      drivers/md/dm-stripe.o
  CC      fs/sdfat/fatent.o
  CC      kernel/irq_work.o
  CC      fs/proc/page.o
  CC      drivers/mmc/core/bus.o
  CC      lib/ratelimit.o
  CC      drivers/media/platform/msm/camera_v2/common/cam_hw_ops.o
  CC      drivers/kernelsu/selinux/rules.o
  CC      drivers/misc/huawei_reset_detect/huawei_reset_detect.o
  LD      drivers/media/platform/msm/camera_v2/fd/built-in.o
  CC      drivers/iommu/msm_iommu_pagetable.o
  CC      net/netfilter/xt_NFLOG.o
  CC      fs/sdfat/amap_smart.o
  CC      lib/rbtree.o
  CC      fs/proc/app_info.o
  CC      net/ipv4/xfrm4_mode_transport.o
  LD      drivers/misc/eeprom/built-in.o
  CC      drivers/kernelsu/selinux/sepolicy.o
  CC      drivers/misc/huawei_reset_detect/hw_log_mem.o
  CC      drivers/mfd/wcd9xxx-irq.o
  CC      drivers/iommu/arm-smmu.o
  CC      fs/sdfat/cache.o
  CC      net/netfilter/xt_NFQUEUE.o
  CC      kernel/cpu_pm.o
  CC      net/ipv4/xfrm4_mode_tunnel.o
  CC      drivers/kernelsu/supercall/dispatch.o
  CC      drivers/md/dm-ioctl.o
  CC      drivers/mmc/card/ffu.o
  LD      drivers/misc/huawei_reset_detect/built-in.o
  LD      drivers/iommu/built-in.o
  CC      fs/sdfat/dfr.o
  CC      net/netfilter/xt_REDIRECT.o
  CC      fs/sdfat/nls.o
  CC      drivers/media/platform/msm/vidc/msm_v4l2_vidc.o
  CC      lib/sha1.o
  CC      drivers/kernelsu/supercall/perm.o
  CC      net/ipv4/ipconfig.o
  CC      drivers/md/dm-io.o
  CC      drivers/mmc/core/host.o
  CC      net/netfilter/xt_SECMARK.o
  CC      fs/sdfat/misc.o
  CC      drivers/media/platform/msm/vidc/msm_vidc_common.o
  LD      fs/sysfs/built-in.o
  CC      drivers/kernelsu/supercall/supercall.o
  CC      net/ipv4/netfilter.o
  CC      net/netfilter/xt_TPROXY.o
../drivers/kernelsu/supercall/supercall.c: In function 'ksu_handle_sys_reboot':
../drivers/kernelsu/supercall/supercall.c:154:19: warning: initialization makes pointer from integer without a cast
   void ***ppptr = (uintptr_t)arg;
                   ^
../drivers/kernelsu/supercall/supercall.c:161:3: warning: format '%lx' expects argument of type 'long unsigned int', but argument 2 has type 'void ***' [-Wformat=]
   pr_info("sys_reboot: ppptr: 0x%lx \n", ppptr);
   ^
../drivers/kernelsu/supercall/supercall.c:167:3: warning: format '%lx' expects argument of type 'long unsigned int', but argument 2 has type 'uint64_t' [-Wformat=]
   pr_info("sys_reboot: u_pptr: 0x%lx \n", u_pptr);
   ^
../drivers/kernelsu/supercall/supercall.c:175:3: warning: format '%lx' expects argument of type 'long unsigned int', but argument 2 has type 'uint64_t' [-Wformat=]
   pr_info("sys_reboot: u_ptr: 0x%lx \n", u_ptr);
   ^
../drivers/kernelsu/supercall/supercall.c: At top level:
cc1: warning: unrecognized command line option "-Wno-gcc-compat"
cc1: warning: unrecognized command line option "-Wno-int-conversion"
  CC      lib/show_mem.o
  CC      drivers/media/platform/msm/camera_v2/common/cam_soc_api.o
  CC      drivers/media/tuners/tuner-xc2028.o
  LD      fs/proc/proc.o
  CC      drivers/mfd/wcd9xxx-slimslave.o
  CC      drivers/media/platform/msm/vidc/msm_vidc.o
  CC      lib/siphash.o
  LD      fs/proc/built-in.o
  LD      drivers/kernelsu/kernelsu.o
  CC      drivers/misc/qseecom.o
  CC      net/netfilter/xt_TCPMSS.o
  LD      drivers/kernelsu/built-in.o
  CC      drivers/md/dm-kcopyd.o
  CC      drivers/misc/hdcp.o
  CC      drivers/misc/qcom/qdsp6v2/aac_in.o
  CC      drivers/media/v4l2-core/v4l2-dev.o
  CC      drivers/media/v4l2-core/v4l2-ioctl.o
  CC      drivers/net/dummy.o
  CC      net/netfilter/xt_TEE.o
  CC      kernel/configs.o
  CC      fs/sdfat/mpage.o
  CC      drivers/misc/qcom/qdsp6v2/qcelp_in.o
  LD      kernel/built-in.o
  CC      drivers/net/mii.o
  CC      fs/eventpoll.o
  CC      lib/string.o
  CC      drivers/misc/qcom/qdsp6v2/evrc_in.o
  CC      net/netfilter/xt_TRACE.o
  CC      drivers/misc/compat_qseecom.o
  CC      drivers/media/media-device.o
  CC      fs/sdfat/extent.o
  LD      drivers/mmc/card/mmc_block.o
  CC      drivers/misc/qcom/qdsp6v2/amrnb_in.o
  CC      net/netfilter/xt_IDLETIMER.o
  CC      drivers/media/v4l2-core/v4l2-device.o
  LD      drivers/mmc/card/built-in.o
  CC      fs/sdfat/xattr.o
  CC      drivers/mmc/core/mmc.o
  CC      drivers/mfd/wcd9xxx-core-resource.o
  CC      drivers/media/tuners/tuner-simple.o
  CC      lib/timerqueue.o
  CC      net/netfilter/xt_HARDIDLETIMER.o
  CC      drivers/misc/qcom/qdsp6v2/g711mlaw_in.o
  LD      drivers/media/platform/msm/camera_v2/common/built-in.o
  CC      drivers/misc/qcom/qdsp6v2/g711alaw_in.o
  CC      fs/sdfat/statistics.o
  CC      drivers/media/platform/msm/vidc/msm_vdec.o
  CC      net/netfilter/xt_comment.o
  LD      fs/sdfat/sdfat_fs.o
  CC      net/ipv4/inet_diag.o
  CC      drivers/md/dm-sysfs.o
  LD      fs/sdfat/built-in.o
  CC      drivers/misc/qcom/qdsp6v2/audio_utils.o
  CC      drivers/media/platform/msm/camera_v2/ispif/msm_ispif.o
  CC      fs/anon_inodes.o
  CC      drivers/media/platform/msm/vidc/msm_venc.o
  CC      drivers/media/media-devnode.o
  CC      drivers/md/dm-stats.o
  CC      net/ipv4/netfilter/nf_conntrack_l3proto_ipv4_compat.o
  CC      drivers/misc/qcom/qdsp6v2/audio_wma.o
  CC      drivers/of/base.o
  CC      net/netfilter/xt_connlimit.o
  CC      drivers/media/platform/msm/camera_v2/isp/msm_buf_mgr.o
  CC      drivers/media/platform/msm/vidc/msm_smem.o
  LD      drivers/media/platform/msm/camera_v2/ispif/built-in.o
  CC      drivers/media/v4l2-core/v4l2-fh.o
  CC      net/ipv4/tcp_diag.o
  CC      lib/vsprintf.o
  CC      drivers/misc/qcom/qdsp6v2/audio_wmapro.o
  CC      drivers/of/device.o
  CC      net/ipv4/netfilter/nf_conntrack_l3proto_ipv4.o
  CC      drivers/media/platform/msm/vidc/msm_vidc_debug.o
  CC      net/netfilter/xt_conntrack.o
  CC      drivers/md/dm-builtin.o
  CC      drivers/media/platform/msm/camera_v2/isp/msm_isp_util.o
  CC      drivers/misc/qcom/qdsp6v2/audio_aac.o
  CC      fs/signalfd.o
  CC      drivers/net/Space.o
  CC      drivers/mfd/wcd9335-regmap.o
  CC      drivers/media/platform/msm/vidc/msm_vidc_res_parse.o
  CC      net/netfilter/xt_dscp.o
  CC      net/netfilter/xt_ecn.o
  CC      net/netfilter/xt_esp.o
  CC      net/ipv4/netfilter/nf_conntrack_proto_icmp.o
  CC      drivers/pci/access.o
  CC      drivers/misc/qcom/qdsp6v2/audio_multi_aac.o
  CC      drivers/media/platform/msm/vidc/venus_hfi.o
  CC      drivers/md/dm-crypt.o
  CC      drivers/mmc/core/mmc_ops.o
  CC      drivers/misc/uid_sys_stats.o
  CC      drivers/net/loopback.o
  CC      drivers/media/platform/msm/vidc/hfi_response_handler.o
  CC      drivers/misc/qcom/qdsp6v2/audio_alac.o
  CC      fs/timerfd.o
  CC      net/ipv4/netfilter/nf_nat_l3proto_ipv4.o
  CC      drivers/media/platform/msm/camera_v2/isp/msm_isp_axi_util.o
  CC      net/netfilter/xt_hashlimit.o
  CC      drivers/pci/bus.o
  CC      drivers/of/platform.o
  CC      drivers/media/tuners/tuner-types.o
  CC      net/ipv4/netfilter/nf_nat_proto_icmp.o
  CC      drivers/misc/qcom/qdsp6v2/audio_ape.o
  CC      drivers/media/platform/msm/camera_v2/isp/msm_isp_stats_util.o
  CC      drivers/media/platform/msm/vidc/hfi_packetization.o
  CC      fs/eventfd.o
  CC      net/netfilter/xt_helper.o
  CC      drivers/misc/qcom/qdsp6v2/audio_utils_aio.o
  CC      drivers/media/platform/msm/camera_v2/isp/msm_isp48.o
  CC      drivers/media/platform/msm/vidc/vidc_hfi.o
  CC      drivers/media/v4l2-core/v4l2-event.o
  CC      net/netfilter/xt_hl.o
  CC      drivers/mmc/host/sdhci.o
  CC      net/ipv4/udp_diag.o
  CC      drivers/md/dm-req-crypt.o
  CC      drivers/media/platform/msm/vidc/venus_boot.o
  CC      drivers/misc/qcom/qdsp6v2/q6audio_v2.o
  CC      drivers/media/tuners/mt20xx.o
  CC      drivers/mfd/wcd9335-tables.o
  CC      net/netfilter/xt_iprange.o
  CC      drivers/misc/qcom/qdsp6v2/q6audio_v2_aio.o
  CC      drivers/media/v4l2-core/v4l2-ctrls.o
  CC      drivers/mmc/host/sdhci-pltfm.o
  CC      drivers/mmc/core/sd.o
  CC      drivers/mfd/wcd-gpio-ctrl.o
  CC      drivers/media/platform/msm/vidc/msm_vidc_dcvs.o
  CC      drivers/misc/qcom/qdsp6v2/audio_mp3.o
  LD      lib/built-in.o
  CC      drivers/misc/qcom/qdsp6v2/audio_amrnb.o
  CC      drivers/media/media-entity.o
  CC      drivers/media/platform/msm/vidc/msm_camera_vid_dsm.o
  CC      net/netfilter/xt_l2tp.o
  CC      drivers/pci/probe.o
  AR      lib/lib.a
  CC      drivers/media/v4l2-core/v4l2-subdev.o
  CC      drivers/of/fdt.o
  CC      drivers/media/platform/msm/camera_v2/jpeg_10/msm_jpeg_dev.o
  CC      fs/aio.o
  CC      drivers/misc/qcom/qdsp6v2/audio_amrwb.o
  CC      net/netfilter/xt_length.o
  CC      net/ipv4/netfilter/nf_defrag_ipv4.o
  CC      drivers/misc/qcom/qdsp6v2/audio_amrwbplus.o
  CC      drivers/media/platform/msm/vidc/governors/msm_vidc_dyn_gov.o
  CC      drivers/media/platform/msm/camera_v2/jpeg_10/msm_jpeg_sync.o
  CC      drivers/pci/host-bridge.o
  CC      drivers/media/tuners/tda8290.o
  CC      net/netfilter/xt_limit.o
  CC      drivers/misc/qcom/qdsp6v2/audio_evrc.o
  CC      drivers/media/platform/msm/camera_v2/jpeg_10/msm_jpeg_core.o
  CC      drivers/media/platform/msm/vidc/governors/msm_vidc_table_gov.o
  CC      drivers/media/platform/msm/camera_v2/isp/msm_isp47.o
  CC      drivers/misc/qcom/qdsp6v2/audio_qcelp.o
  CC      drivers/media/platform/msm/camera_v2/jpeg_10/msm_jpeg_hw.o
  LD      drivers/media/platform/msm/vidc/governors/built-in.o
  LD      drivers/md/dm-mod.o
  CC      net/netfilter/xt_mac.o
  LD      drivers/md/built-in.o
  CC      drivers/net/ethernet/micrel/ks8851.o
  CC      drivers/media/platform/msm/camera_v2/jpeg_10/msm_jpeg_platform.o
  LD      drivers/mfd/built-in.o
  CC      drivers/misc/sm5106.o
  CC      net/ipv4/tcp_cubic.o
  CC      drivers/media/platform/msm/vidc/vmem/vmem.o
  CC      drivers/misc/qcom/qdsp6v2/amrwb_in.o
  CC      net/ipv4/xfrm4_policy.o
  CC      drivers/media/platform/msm/camera_v2/msm_buf_mgr/msm_generic_buf_mgr.o
  CC      drivers/mmc/core/sd_ops.o
  LD      drivers/net/ethernet/micrel/built-in.o
  LD      drivers/media/media.o
  CC      drivers/mmc/host/sdhci-msm.o
  LD      drivers/media/platform/msm/camera_v2/jpeg_10/built-in.o
  CC      net/netfilter/xt_multiport.o
  CC      drivers/misc/qcom/qdsp6v2/audio_hwacc_effects.o
  CC      fs/locks.o
  CC      net/ipv4/netfilter/nf_log_ipv4.o
  CC      drivers/media/platform/msm/vidc/vmem/vmem_debugfs.o
  CC      drivers/of/fdt_address.o
  CC      drivers/media/v4l2-core/v4l2-clk.o
  CC      drivers/net/ethernet/msm/rndis_ipa.o
  LD      drivers/media/platform/msm/camera_v2/msm_buf_mgr/built-in.o
  CC      drivers/media/platform/msm/camera_v2/msm_vb2/msm_vb2.o
  CC      drivers/media/tuners/tea5767.o
  CC      drivers/misc/qcom/qdsp6v2/ultrasound/usf.o
  CC      net/netfilter/xt_pkttype.o
  LD      drivers/media/platform/msm/vidc/vmem/built-in.o
  CC      drivers/media/platform/msm/camera_v2/isp/msm_isp46.o
  CC      drivers/media/v4l2-core/v4l2-async.o
  LD      drivers/media/platform/msm/vidc/built-in.o
  CC      drivers/of/address.o
  CC      drivers/mmc/host/sdhci-msm-ice.o
  CC      drivers/misc/qcom/qdsp6v2/ultrasound/usfcdev.o
  CC      drivers/phy/phy-core.o
  CC      drivers/mmc/host/cmdq_hci.o
  CC      net/netfilter/xt_policy.o
  CC      drivers/media/platform/msm/camera_v2/pproc/cpp/msm_cpp_soc.o
  CC      net/ipv4/xfrm4_state.o
  CC      drivers/misc/qcom/qdsp6v2/ultrasound/q6usm.o
  CC      drivers/media/platform/msm/camera_v2/pproc/cpp/msm_cpp.o
  CC      drivers/media/v4l2-core/v4l2-compat-ioctl32.o
  CC      drivers/pci/remove.o
  CC      drivers/pinctrl/core.o
  CC      net/netfilter/xt_qtaguid_print.o
  CC      net/ipv4/netfilter/nf_reject_ipv4.o
  CC      drivers/pinctrl/pinctrl-utils.o
  LD      drivers/misc/qcom/qdsp6v2/ultrasound/built-in.o
  LD      drivers/media/platform/msm/camera_v2/pproc/cpp/built-in.o
  LD      drivers/media/platform/msm/camera_v2/pproc/built-in.o
  LD      drivers/misc/qcom/qdsp6v2/built-in.o
  CC      net/netfilter/xt_qtaguid.o
  CC      fs/compat.o
  CC      drivers/phy/phy-qcom-ufs.o
  CC      drivers/mmc/core/sdio.o
  LD      drivers/misc/qcom/built-in.o
  LD      drivers/misc/built-in.o
  CC      drivers/pci/pci.o
  CC      drivers/media/tuners/tea5761.o
  CC      net/netfilter/xt_quota.o
  CC      drivers/pinctrl/pinmux.o
  CC      drivers/of/irq.o
  CC      drivers/mmc/core/sdio_ops.o
  CC      drivers/mmc/core/sdio_bus.o
  CC      net/netfilter/xt_quota2.o
  CC      fs/compat_ioctl.o
  CC      drivers/net/phy/phy.o
  CC      net/ipv4/netfilter/nf_nat_h323.o
  LD      drivers/media/platform/msm/camera_v2/msm_vb2/built-in.o
  CC      drivers/media/platform/msm/camera_v2/isp/msm_isp44.o
  CC      net/netfilter/xt_socket.o
  CC      drivers/net/ethernet/msm/msm_rmnet_bam.o
  LD      drivers/mmc/host/built-in.o
  CC      drivers/pinctrl/pinconf.o
  CC      fs/binfmt_script.o
  CC      net/netfilter/xt_state.o
  LD      drivers/net/ethernet/msm/built-in.o
  CC      drivers/media/tuners/tda9887.o
  CC      drivers/media/v4l2-core/v4l2-of.o
  CC      drivers/phy/phy-qcom-ufs-qmp-20nm.o
  CC      drivers/pinctrl/devicetree.o
  CC      fs/binfmt_elf.o
  CC      net/ipv4/netfilter/nf_nat_pptp.o
  CC      net/netfilter/xt_statistic.o
  CC      drivers/media/v4l2-core/v4l2-common.o
  CC      drivers/phy/phy-qcom-ufs-qmp-14nm.o
  CC      drivers/pinctrl/pinconf-generic.o
  CC      net/netfilter/xt_string.o
  CC      drivers/net/ppp/ppp_generic.o
  CC      net/ipv4/netfilter/nf_nat_masquerade_ipv4.o
  CC      fs/compat_binfmt_elf.o
  CC      drivers/net/ppp/ppp_async.o
  CC      drivers/phy/phy-qcom-ufs-qmp-v3.o
  CC      drivers/media/platform/soc_camera/soc_camera.o
  CC      drivers/of/of_net.o
  CC      drivers/platform/msm/msm_11ad/msm_11ad.o
  CC      drivers/media/platform/soc_camera/soc_mediabus.o
  CC      fs/mbcache.o
  CC      drivers/media/v4l2-core/v4l2-dv-timings.o
  CC      drivers/phy/phy-qcom-ufs-qrbtc-v2.o
  CC      drivers/platform/msm/ipa/ipa_clients/odu_bridge.o
  LD      drivers/phy/built-in.o
  CC      drivers/pci/pci-driver.o
  CC      drivers/mmc/core/sdio_cis.o
  CC      drivers/media/tuners/tda827x.o
  LD      drivers/net/ethernet/built-in.o
  CC      drivers/mmc/core/sdio_io.o
  CC      drivers/pwm/core.o
  CC      drivers/net/phy/phy_device.o
  CC      net/netfilter/xt_time.o
  CC      drivers/media/platform/msm/camera_v2/isp/msm_isp40.o
  CC      drivers/power/power_supply_core.o
  CC      drivers/media/v4l2-core/videobuf-core.o
  CC      drivers/media/platform/msm/camera_v2/sensor/actuator/msm_actuator.o
  CC      net/netfilter/xt_u32.o
  CC      fs/posix_acl.o
  CC      drivers/pinctrl/qcom/pinctrl-msm.o
  CC      drivers/of/of_mdio.o
  LD      drivers/media/platform/msm/camera_v2/sensor/actuator/built-in.o
  CC      drivers/media/platform/soc_camera/soc_camera_platform.o
  LD      net/netfilter/netfilter.o
  CC      drivers/ras/ras.o
  LD      net/netfilter/nfnetlink_queue.o
  LD      net/netfilter/nf_conntrack.o
  LD      drivers/platform/msm/msm_11ad/msm_11ad_proxy.o
  CC      drivers/media/platform/msm/camera_v2/sensor/cci/msm_cci.o
  LD      drivers/platform/msm/msm_11ad/built-in.o
  LD      net/netfilter/nf_conntrack_h323.o
  LD      drivers/media/platform/soc_camera/built-in.o
  CC      drivers/pinctrl/qcom/pinctrl-msm8952.o
  LD      net/netfilter/nf_nat.o
  CC      drivers/net/ppp/bsd_comp.o
  LD      net/netfilter/built-in.o
  CC      drivers/pci/search.o
  CC      drivers/net/phy/mdio_bus.o
  CC      net/ipv4/netfilter/nf_nat_proto_gre.o
  CC      fs/coredump.o
  LD      drivers/media/platform/msm/camera_v2/sensor/cci/built-in.o
  CC      drivers/net/ppp/ppp_deflate.o
  CC      drivers/media/tuners/tda18271-maps.o
  CC      drivers/platform/msm/ipa/ipa_api.o
  CC      drivers/pwm/sysfs.o
  CC      drivers/media/platform/msm/camera_v2/sensor/csid/msm_csid.o
  CC      drivers/net/ppp/ppp_mppe.o
  CC      drivers/media/tuners/tda18271-common.o
  CC      drivers/platform/msm/ipa/ipa_v2/ipa.o
  CC      drivers/pwm/pwm-qpnp.o
  LD      drivers/media/platform/msm/camera_v2/sensor/csid/built-in.o
  CC      drivers/platform/msm/ipa/ipa_clients/ipa_mhi_client.o
  CC      drivers/media/v4l2-core/videobuf2-core.o
  CC      drivers/net/ppp/ppp_synctty.o
  CC      drivers/mmc/core/sdio_irq.o
  CC      drivers/media/platform/msm/camera_v2/sensor/csiphy/msm_csiphy.o
  CC      drivers/power/power_supply_sysfs.o
  CC      drivers/platform/msm/ipa/ipa_v2/ipa_debugfs.o
  CC      drivers/pinctrl/qcom/pinctrl-msm8917.o
  CC      drivers/media/tuners/tda18271-fe.o
  CC      net/ipv4/xfrm4_input.o
  CC      drivers/pci/pci-sysfs.o
  CC      drivers/power/power_supply_leds.o
  CC      drivers/net/ppp/pppox.o
  CC      drivers/media/platform/msm/camera_v2/isp/msm_isp.o
  CC      drivers/platform/msm/ipa/ipa_v2/ipa_hdr.o
  LD      drivers/media/platform/msm/camera_v2/sensor/csiphy/built-in.o
  CC      drivers/media/platform/msm/camera_v2/msm.o
  CC      drivers/pinctrl/qcom/pinctrl-msm8937.o
  CC      drivers/power/smb1351-charger.o
  CC      drivers/ras/debugfs.o
  CC      drivers/media/platform/msm/camera_v2/sensor/eeprom/msm_eeprom.o
  CC      drivers/pinctrl/qcom/pinctrl-msm8953.o
  LD      drivers/media/platform/msm/camera_v2/isp/built-in.o
  CC      drivers/platform/msm/ipa/ipa_v2/ipa_flt.o
  CC      drivers/media/tuners/xc5000.o
  LD      drivers/media/platform/msm/camera_v2/sensor/eeprom/built-in.o
  LD      drivers/pinctrl/qcom/built-in.o
  LD      drivers/pinctrl/built-in.o
  CC      drivers/power/smb135x-charger.o
  CC      drivers/media/platform/msm/camera_v2/sensor/flash/msm_flash.o
  CC      drivers/platform/msm/ipa/ipa_v2/ipa_rt.o
  CC      drivers/pci/rom.o
  CC      drivers/platform/msm/ipa/ipa_v2/ipa_dp.o
  CC      net/ipv4/netfilter/ip_tables.o
  CC      drivers/mmc/core/quirks.o
  CC      drivers/power/smb1360-charger-fg.o
  LD      drivers/media/platform/msm/camera_v2/sensor/flash/built-in.o
  CC      drivers/of/of_pci.o
  LD      drivers/pwm/built-in.o
  CC      drivers/net/ppp/pppoe.o
  LD      drivers/net/phy/libphy.o
  CC      drivers/platform/msm/ipa/ipa_v2/ipa_client.o
  LD      drivers/net/phy/built-in.o
  CC      drivers/power/qpnp-fg.o
  CC      drivers/of/of_pci_irq.o
  CC      fs/drop_caches.o
  CC      drivers/media/platform/msm/camera_v2/sensor/io/msm_camera_cci_i2c.o
  CC      drivers/media/platform/msm/camera_v2/sensor/msm_sensor_init.o
  CC      drivers/media/platform/msm/camera_v2/sensor/ois/msm_ois.o
  CC      fs/dcookies.o
  CC      drivers/power/qpnp-smbcharger.o
  CC      drivers/platform/msm/ipa/ipa_v2/ipa_utils.o
  CC      drivers/media/v4l2-core/videobuf2-memops.o
  CC      drivers/platform/msm/ipa/ipa_clients/ipa_uc_offload.o
  CC      drivers/mmc/core/slot-gpio.o
  LD      drivers/media/platform/msm/camera_v2/sensor/ois/built-in.o
  CC      drivers/platform/msm/msm_bus/msm_bus_core.o
  LD      drivers/ras/built-in.o
  CC      drivers/mmc/core/cache_enable.o
  CC      drivers/media/platform/msm/camera_v2/sensor/io/msm_camera_qup_i2c.o
  CC      drivers/of/of_spmi.o
  CC      drivers/media/platform/msm/camera_v2/sensor/io/msm_camera_spi.o
  CC      drivers/net/slip/slhc.o
  CC      drivers/net/ppp/pppolac.o
  CC      drivers/media/tuners/xc4000.o
  CC      drivers/media/platform/msm/camera_v2/sensor/io/msm_camera_dt_util.o
  CC      drivers/net/ppp/pppopns.o
  CC      drivers/platform/msm/spmi/spmi.o
  CC      drivers/pci/setup-res.o
  LD      drivers/net/ppp/built-in.o
  CC      drivers/platform/msm/spmi/spmi-resources.o
  CC      drivers/platform/msm/ipa/ipa_v2/ipa_nat.o
  CC      drivers/net/usb/asix_devices.o
  LD      drivers/media/platform/msm/camera_v2/sensor/io/built-in.o
  CC      drivers/platform/msm/msm_bus/msm_bus_client_api.o
  CC      drivers/media/v4l2-core/videobuf2-vmalloc.o
  CC      drivers/media/platform/msm/camera_v2/sensor/msm_sensor_driver.o
  CC      drivers/platform/msm/ipa/ipa_clients/ipa_wdi3.o
  CC      drivers/media/tuners/mc44s803.o
  CC      drivers/net/usb/asix_common.o
  CC      net/ipv4/netfilter/iptable_filter.o
  CC      drivers/platform/msm/msm_bus/msm_bus_of.o
  CC      drivers/platform/msm/spmi/spmi-pmic-arb.o
  CC      drivers/of/of_reserved_mem.o
  CC      drivers/power/pmic-voter.o
  CC      drivers/mmc/core/debugfs.o
  CC      drivers/platform/msm/spmi/qpnp-int.o
  LD      fs/built-in.o
  CC      drivers/net/usb/ax88172a.o
  CC      net/ipv4/netfilter/iptable_mangle.o
  CC      drivers/media/platform/msm/camera_v2/hw_camera_common.o
  CC      drivers/power/battery_current_limit.o
  CC      drivers/net/usb/ax88179_178a.o
  CC      net/ipv4/netfilter/iptable_nat.o
  LD      drivers/mmc/core/mmc_core.o
  CC      net/ipv4/xfrm4_output.o
  LD      drivers/mmc/core/built-in.o
  CC      drivers/platform/msm/ipa/ipa_v2/ipa_intf.o
  LD      drivers/mmc/built-in.o
  LD      drivers/media/v4l2-core/videodev.o
  CC      net/ipv4/netfilter/iptable_raw.o
  LD      drivers/media/v4l2-core/built-in.o
  CC      drivers/platform/msm/sps/bam.o
  CC      drivers/net/usb/cdc_ether.o
  CC      drivers/platform/msm/ipa/ipa_v2/teth_bridge.o
  CC      drivers/power/msm_bcl.o
  CC      drivers/platform/msm/qpnp-power-on.o
  LD      drivers/net/slip/built-in.o
  CC      drivers/platform/msm/sps/sps_bam.o
  CC      drivers/platform/msm/msm_bus/msm_bus_rpm_smd.o
  LD      drivers/media/tuners/tda18271.o
  CC      drivers/pci/irq.o
  CC      drivers/platform/msm/ipa/ipa_rm.o
  CC      drivers/of/of_slimbus.o
  LD      drivers/media/tuners/built-in.o
  CC      net/ipv4/netfilter/iptable_security.o
  LD      drivers/platform/msm/ipa/ipa_clients/built-in.o
  CC      drivers/platform/msm/qpnp-revid.o
  CC      drivers/platform/msm/spmi/spmi-dbgfs.o
  CC      drivers/platform/msm/qpnp-coincell.o
  CC      drivers/media/platform/msm/camera_v2/sensor/msm_sensor.o
  CC      drivers/power/bcl_peripheral.o
  CC      drivers/platform/msm/qpnp-haptic.o
  CC      drivers/platform/msm/msm_bus/msm_bus_fabric_adhoc.o
  CC      drivers/platform/msm/sps/sps.o
  CC      drivers/of/of_batterydata.o
  CC      net/ipv4/netfilter/ipt_ah.o
  CC      drivers/platform/msm/msm_bus/msm_bus_arb_adhoc.o
  LD      drivers/platform/msm/spmi/built-in.o
  CC      drivers/media/platform/msm/camera_v2/sensor/sensor_otp_common_if.o
  CC      drivers/media/platform/msm/camera_v2/msm_camera_dsm.o
  CC      drivers/power/huawei/huawei_charger.o
  CC      drivers/net/tun.o
  LD      drivers/of/built-in.o
  CC      drivers/rtc/rtc-lib.o
  CC      drivers/platform/msm/msm_bus/msm_bus_rules.o
  CC      drivers/rtc/hctosys.o
  CC      drivers/pci/vpd.o
  CC      net/ipv4/netfilter/ipt_rpfilter.o
  CC      drivers/media/platform/msm/camera_v2/sensor/sensor_otp_hi843s.o
  CC      drivers/platform/msm/msm_bus/msm_bus_bimc_adhoc.o
  CC      drivers/net/usb/smsc75xx.o
  CC      drivers/regulator/core.o
  CC      drivers/net/wireless/cnss/cnss_pci.o
  CC      net/ipv4/netfilter/ipt_MASQUERADE.o
  CC      drivers/media/platform/msm/camera_v2/sensor/sensor_otp_hi843_bah.o
  CC      drivers/net/wireless/ath/wil6210/main.o
  CC      drivers/net/usb/net1080.o
  CC      drivers/net/wireless/cnss_crypto/cnss_secif.o
  CC      drivers/power/huawei/huawei_fuelguage.o
  CC      net/ipv4/netfilter/ipt_NATTYPE.o
  CC      drivers/media/platform/msm/camera_v2/sensor/sensor_otp_imx219.o
  CC      drivers/platform/msm/sps/sps_dma.o
  CC      drivers/net/wireless/ath/wil6210/netdev.o
  CC      drivers/platform/msm/ipa/ipa_v2/ipa_interrupts.o
  CC      drivers/media/platform/msm/camera_v2/sensor/sensor_otp_hi553.o
  CC      drivers/regulator/dummy.o
  CC      drivers/net/wireless/ath/wil6210/cfg80211.o
  CC      net/ipv4/netfilter/ipt_REJECT.o
  CC      drivers/platform/msm/ipa/ipa_rm_dependency_graph.o
  CC      drivers/platform/msm/msm_bus/msm_bus_noc_adhoc.o
../drivers/media/platform/msm/camera_v2/sensor/sensor_otp_hi553.c: In function 'hi553_otp_get_lsc':
../drivers/media/platform/msm/camera_v2/sensor/sensor_otp_hi553.c:2162:1: warning: the frame size of 2240 bytes is larger than 2048 bytes [-Wframe-larger-than=]
 }
 ^
  CC      drivers/rtc/systohc.o
  CC      drivers/platform/msm/sps/sps_map.o
  CC      net/ipv4/netfilter/arp_tables.o
  CC      drivers/net/usb/cdc_subset.o
  CC      drivers/net/wireless/cnss_prealloc/cnss_prealloc.o
  CC      drivers/media/platform/msm/camera_v2/camerafs.o
  CC      drivers/platform/msm/sps/sps_mem.o
  CC      drivers/media/platform/msm/camera_v2/sensor/sensor_otp_ags_hi553.o
  CC      drivers/pci/setup-bus.o
  CC      drivers/net/wireless/cnss/cnss_sdio.o
../drivers/media/platform/msm/camera_v2/sensor/sensor_otp_ags_hi553.c: In function 'ags_hi553_otp_get_lsc':
../drivers/media/platform/msm/camera_v2/sensor/sensor_otp_ags_hi553.c:2217:1: warning: the frame size of 2240 bytes is larger than 2048 bytes [-Wframe-larger-than=]
 }
 ^
  CC      drivers/net/wireless/ath/wil6210/pcie_bus.o
  CC      drivers/rtc/class.o
  LD      drivers/power/huawei/built-in.o
  CC      drivers/net/usb/zaurus.o
  CC      drivers/sensors/sensors_class.o
  CC      drivers/platform/msm/ipa/ipa_v2/ipa_uc.o
  CC      drivers/media/platform/msm/camera_v2/sensor/sensor_otp_hi843_qtech_fh843_pad.o
  CC      drivers/platform/msm/sps/sps_rm.o
  CC      drivers/power/qcom/msm-pm.o
  CC      drivers/platform/msm/ipa/ipa_rm_peers_list.o
  LD      drivers/net/wireless/cnss_crypto/built-in.o
  CC      drivers/net/wireless/ath/wil6210/debugfs.o
  CC      drivers/rtc/interface.o
  CC      drivers/media/platform/msm/camera_v2/sensor/sensor_otp_hi843_synology_1p0j0_pad.o
  LD      drivers/platform/msm/sps/built-in.o
  CC      drivers/net/usb/usbnet.o
  CC      drivers/regulator/fixed-helper.o
  CC      drivers/net/wireless/ath/wil6210/wmi.o
  CC      drivers/scsi/scsi.o
  CC      drivers/sensors/sensors_ssc.o
  CC      drivers/net/wireless/cnss/cnss_common.o
  CC      drivers/media/platform/msm/camera_v2/sensor/sensor_otp_ov8856_huaquan_07b8_pad.o
  CC      drivers/pci/vc.o
  CC      drivers/rtc/rtc-dev.o
  CC      drivers/net/wireless/ath/wil6210/interrupt.o
  CC      drivers/media/platform/msm/camera_v2/sensor/sensor_otp_ov8856_sunny_f8v07n_pad.o
  CC      net/ipv4/xfrm4_protocol.o
  CC      drivers/regulator/helpers.o
  CC      drivers/net/wireless/ath/wil6210/txrx.o
  CC      drivers/media/platform/msm/camera_v2/sensor/sensor_otp_ags_s5k5e8.o
  CC      drivers/net/wireless/cnss_utils/cnss_utils.o
  CC      drivers/media/platform/msm/camera_v2/sensor/sensor_otp_ov8856.o
  CC      drivers/net/wireless/ath/wil6210/debug.o
  CC      drivers/net/wireless/ath/wil6210/rx_reorder.o
  LD      drivers/media/platform/msm/camera_v2/sensor/built-in.o
  CC      drivers/platform/msm/ipa/ipa_rm_resource.o
  CC      drivers/net/wireless/ath/wil6210/ioctl.o
  CC      drivers/net/wireless/ath/wil6210/fw.o
  CC      drivers/platform/msm/usb_bam.o
  CC      drivers/net/wireless/ath/wil6210/pm.o
  CC      drivers/net/wireless/ath/wil6210/pmc.o
  CC      drivers/net/wireless/ath/wil6210/trace.o
  LD      drivers/net/wireless/cnss_prealloc/built-in.o
  CC      drivers/platform/msm/msm_bus/msm_bus_of_adhoc.o
  CC      drivers/net/wireless/ath/wil6210/wil_platform.o
  CC      net/ipv4/netfilter/arpt_mangle.o
  LD      drivers/sensors/built-in.o
  CC      drivers/rtc/rtc-proc.o
  CC      drivers/power/qcom/pm-data.o
  CC      drivers/platform/msm/ipa/ipa_rm_inactivity_timer.o
  CC      drivers/platform/msm/ipa/ipa_v2/ipa_uc_wdi.o
  CC      drivers/pci/proc.o
  CC      drivers/regulator/devres.o
  CC      drivers/net/usb/cdc_ncm.o
  CC      drivers/scsi/hosts.o
  LD      drivers/net/wireless/cnss_utils/built-in.o
  CC      drivers/rtc/rtc-sysfs.o
  LD      drivers/net/wireless/cnss/built-in.o
  CC      drivers/power/qcom/lpm-stats.o
  CC      net/ipv4/netfilter/arptable_filter.o
  CC      drivers/power/huawei_dsm_charger.o
  CC      drivers/platform/msm/msm_bus/msm_bandwidth_monitor.o
  LD      drivers/media/platform/msm/camera_v2/built-in.o
  CC      drivers/net/wireless/ath/wil6210/ethtool.o
  CC      drivers/slimbus/slimbus.o
  CC      drivers/power/reset/msm-poweroff.o
  CC      drivers/rtc/qpnp-rtc.o
  CC      drivers/slimbus/slim-msm.o
  CC      drivers/pci/slot.o
  CC      drivers/net/wireless/ath/wil6210/wil_crash_dump.o
  CC      drivers/platform/msm/ipa/ipa_v2/ipa_dma.o
  CC      drivers/pci/quirks.o
  CC      drivers/platform/msm/msm_bus/msm_bus_dbg.o
  LD      drivers/media/platform/msm/built-in.o
  CC      drivers/platform/msm/ipa/ipa_v2/ipa_uc_mhi.o
  CC      drivers/slimbus/slim-msm-ngd.o
  LD      net/ipv4/netfilter/nf_conntrack_ipv4.o
  CC      drivers/platform/msm/ipa/ipa_v2/ipa_mhi.o
  CC      drivers/power/qcom/pm-boot.o
  CC      drivers/net/wireless/ath/wil6210/p2p.o
  LD      net/ipv4/netfilter/nf_nat_ipv4.o
  LD      net/ipv4/netfilter/built-in.o
  CC      drivers/scsi/scsi_ioctl.o
  LD      net/ipv4/built-in.o
  LD      drivers/media/platform/built-in.o
  CC      drivers/platform/msm/ipa/ipa_v2/ipa_uc_ntn.o
  LD      drivers/net/usb/asix.o
  LD      drivers/net/wireless/ath/wil6210/wil6210.o
  LD      drivers/net/wireless/ath/wil6210/built-in.o
  LD      drivers/net/wireless/ath/built-in.o
  CC      drivers/platform/msm/ipa/ipa_v2/rmnet_ipa.o
  LD      net/built-in.o
  LD      drivers/media/built-in.o
  CC      drivers/platform/msm/avtimer.o
  CC      drivers/soundwire/soundwire.o
  CC      drivers/platform/msm/ipa/ipa_v2/ipa_qmi_service_v01.o
  CC      drivers/net/wireless/wcnss/wcnss_wlan.o
  CC      drivers/platform/msm/ipa/ipa_v2/ipa_qmi_service.o
  CC      drivers/soundwire/swr-wcd-ctrl.o
  CC      drivers/regulator/of_regulator.o
  CC      drivers/power/qcom/apm.o
  LD      drivers/platform/msm/ipa/ipa_common
  LD      drivers/rtc/rtc-core.o
  CC      drivers/net/wireless/wcnss/wcnss_vreg.o
  LD      drivers/rtc/built-in.o
  CC      drivers/platform/msm/ipa/ipa_v2/rmnet_ipa_fd_ioctl.o
  LD      drivers/platform/msm/msm_bus/built-in.o
  LD      drivers/power/reset/built-in.o
  CC      drivers/scsi/constants.o
  LD      drivers/slimbus/built-in.o
  CC      drivers/spi/spi.o
  CC      drivers/pci/msi.o
  LD      drivers/power/power_supply.o
  CC      drivers/regulator/fixed.o
  LD      drivers/platform/msm/ipa/ipa_v2/ipat.o
  CC      drivers/scsi/scsicam.o
  LD      drivers/net/usb/built-in.o
  CC      drivers/pci/setup-irq.o
  CC      drivers/spi/spidev.o
  CC      drivers/staging/staging.o
  CC      drivers/pci/pci-label.o
  CC      drivers/scsi/scsi_error.o
  LD      drivers/platform/msm/ipa/ipa_v2/built-in.o
  CC      drivers/spi/spi-qup.o
  CC      drivers/pci/syscall.o
  LD      drivers/platform/msm/ipa/built-in.o
  CC      drivers/pci/of.o
  CC      drivers/switch/switch_class.o
  CC      drivers/staging/android/hwlogger/hw_logger.o
  CC      drivers/regulator/mem-acc-regulator.o
  CC      drivers/spi/spi_qsd.o
  LD      drivers/staging/android/hwlogger/built-in.o
  CC      drivers/staging/android/binder.o
  CC      drivers/staging/android/binder_alloc.o
  LD      drivers/soundwire/built-in.o
  CC      drivers/staging/android/ion/ion.o
  LD      drivers/platform/msm/built-in.o
  CC      drivers/scsi/scsi_lib.o
  CC      drivers/uio/uio.o
  CC      drivers/scsi/scsi_lib_dma.o
  CC      drivers/staging/android/ion/ion_heap.o
  LD      drivers/power/qcom/built-in.o
  CC      drivers/staging/android/ashmem.o
  CC      drivers/regulator/fan53555.o
  LD      drivers/platform/built-in.o
  CC      drivers/thermal/thermal_core.o
  LD      drivers/power/built-in.o
  CC      drivers/tty/tty_io.o
  CC      drivers/soc/qcom/inrush-current-mitigation.o
  LD      drivers/net/wireless/wcnss/wcnsscore.o
  LD      drivers/net/wireless/wcnss/built-in.o
  CC      drivers/regulator/rpm-smd-regulator.o
  LD      drivers/net/wireless/built-in.o
  CC      drivers/staging/android/ion/ion_page_pool.o
  CC      drivers/thermal/thermal_hwmon.o
  CC      drivers/regulator/qpnp-regulator.o
  LD      drivers/net/built-in.o
  CC      drivers/pci/host/pci-msm.o
  CC      drivers/soc/qcom/cpu_ops.o
  CC      drivers/staging/android/ion/ion_system_heap.o
  LD      drivers/switch/built-in.o
  CC      drivers/uio/msm_sharedmem/msm_sharedmem.o
  LD      drivers/spi/built-in.o
  CC      drivers/tty/n_tty.o
  CC      drivers/soc/qcom/msm_rq_stats.o
  CC      drivers/regulator/spm-regulator.o
  CC      drivers/staging/android/timed_output.o
  CC      drivers/thermal/of-thermal.o
  CC      drivers/tty/tty_ioctl.o
  CC      drivers/uio/msm_sharedmem/remote_filesystem_access_v01.o
  CC      drivers/thermal/step_wise.o
  CC      drivers/soc/qcom/cpuss_dump.o
  CC      drivers/usb/class/cdc-acm.o
  CC      drivers/soc/qcom/memory_dump_v2.o
  CC      drivers/uio/msm_sharedmem/sharedmem_qmi.o
  CC      drivers/staging/android/timed_gpio.o
  CC      drivers/usb/common/common.o
  CC      drivers/soc/qcom/ddr-health.o
  LD      drivers/usb/class/built-in.o
  CC      drivers/scsi/scsi_scan.o
  LD      drivers/uio/msm_sharedmem/built-in.o
  LD      drivers/uio/built-in.o
  CC      drivers/staging/android/lowmemorykiller.o
  CC      drivers/tty/tty_ldisc.o
  CC      drivers/tty/tty_buffer.o
  CC      drivers/video/backlight/lp8556.o
  CC      drivers/staging/android/ion/ion_carveout_heap.o
  CC      drivers/staging/android/ion/ion_chunk_heap.o
  CC      drivers/usb/dwc3/core.o
  CC      drivers/usb/gadget/usbstring.o
  CC      drivers/staging/android/ion/ion_system_secure_heap.o
  CC      drivers/usb/core/usb.o
  CC      drivers/staging/android/ion/ion_cma_heap.o
  CC      drivers/staging/android/ion/ion_cma_secure_heap.o
  CC      drivers/staging/android/ion/compat_ion.o
  CC      drivers/staging/android/ion/msm/msm_ion.o
  CC      drivers/staging/android/ion/msm/compat_msm_ion.o
  CC      drivers/soc/qcom/watchdog_v2.o
  CC      drivers/usb/core/hub.o
  CC      drivers/usb/dwc3/debug.o
  CC      drivers/regulator/cpr-regulator.o
  CC      drivers/usb/gadget/config.o
  LD      drivers/pci/host/built-in.o
  CC      drivers/scsi/scsi_sysfs.o
  LD      drivers/usb/common/usb-common.o
  CC      drivers/video/backlight/lm36923_bl.o
  CC      drivers/tty/tty_port.o
  CC      drivers/usb/dwc3/trace.o
  LD      drivers/usb/common/built-in.o
  LD      drivers/pci/built-in.o
  CC      drivers/soc/qcom/common_log.o
  CC      drivers/regulator/cpr3-regulator.o
  CC      drivers/thermal/msm-tsens.o
  CC      drivers/usb/gadget/epautoconf.o
  CC      drivers/regulator/cpr3-util.o
  CC      drivers/usb/misc/ehset.o
  CC      drivers/scsi/scsi_devinfo.o
  CC      drivers/soc/qcom/cpu_pwr_ctl.o
  CC      drivers/usb/dwc3/host.o
  CC      drivers/usb/misc/usb2533.o
  CC      drivers/thermal/qpnp-temp-alarm.o
  CC      drivers/usb/host/pci-quirks.o
  CC      drivers/usb/gadget/composite.o
  CC      drivers/staging/android/sync.o
  CC      drivers/video/msm/mdss/mdss_io_util.o
  CC      drivers/soc/qcom/socinfo.o
  CC      drivers/usb/dwc3/gadget.o
  LD      drivers/staging/android/ion/msm/built-in.o
  CC      drivers/video/fbdev/core/fb_notify.o
  LD      drivers/staging/android/ion/built-in.o
  CC      drivers/staging/android/sw_sync.o
  CC      drivers/usb/dwc3/ep0.o
  CC      drivers/staging/prima/CORE/DXE/src/wlan_qct_dxe.o
  CC      drivers/usb/dwc3/debugfs.o
  CC      drivers/regulator/cpr3-hmss-regulator.o
  CC      drivers/staging/prima/CORE/DXE/src/wlan_qct_dxe_cfg_i.o
  LD      drivers/usb/misc/built-in.o
  LD      drivers/video/backlight/built-in.o
  CC      drivers/tty/tty_mutex.o
  CC      drivers/usb/gadget/functions.o
  CC      drivers/video/fbdev/core/fb_cmdline.o
  CC      drivers/usb/dwc3/dwc3-pci.o
  CC      drivers/usb/core/hcd.o
  CC      drivers/video/fbdev/msm/../../msm/msm_dba/msm_dba.o
  CC      drivers/regulator/cpr3-mmss-regulator.o
  CC      drivers/staging/prima/CORE/HDD/src/wlan_hdd_assoc.o
  CC      drivers/usb/dwc3/dwc3-msm.o
  CC      drivers/soc/qcom/boot_stats.o
  CC      drivers/usb/dwc3/dbm.o
  CC      drivers/regulator/qpnp-labibb-regulator.o
  CC      drivers/scsi/scsi_sysctl.o
  CC      drivers/usb/mon/mon_main.o
  CC      drivers/usb/host/xhci-pci.o
  CC      drivers/thermal/qpnp-adc-tm.o
  CC      drivers/usb/mon/mon_stat.o
  CC      drivers/soc/qcom/rpm-smd.o
  CC      drivers/regulator/stub-regulator.o
  CC      drivers/staging/prima/CORE/HDD/src/wlan_hdd_cfg.o
  CC      drivers/scsi/scsi_proc.o
  CC      drivers/video/fbdev/msm/../../msm/mdss/mdss_mdp.o
  CC      drivers/usb/serial/usb-serial.o
  CC      drivers/usb/serial/generic.o
  CC      drivers/staging/android/oneshot_sync.o
  CC      drivers/usb/mon/mon_text.o
  CC      drivers/usb/host/xhci-plat.o
  CC      drivers/usb/phy/phy.o
  CC      drivers/usb/switch/switch_usb_class.o
  CC      drivers/scsi/scsi_trace.o
  CC      drivers/staging/prima/CORE/HDD/src/wlan_hdd_debugfs.o
  CC      drivers/usb/mon/mon_bin.o
  CC      drivers/usb/host/ehci-hcd.o
  CC      drivers/scsi/scsi_pm.o
  CC      drivers/usb/storage/scsiglue.o
  CC      drivers/usb/gadget/u_f.o
  LD      drivers/usb/mon/usbmon.o
  CC      drivers/usb/core/urb.o
  LD      drivers/usb/mon/built-in.o
  CC      drivers/video/fbdev/core/fbmem.o
  CC      drivers/tty/tty_ldsem.o
  CC      drivers/regulator/kryo-regulator.o
  CC      drivers/staging/prima/CORE/HDD/src/wlan_hdd_dev_pwr.o
  CC      drivers/video/fbdev/msm/../../msm/msm_dba/msm_dba_init.o
  CC      drivers/tty/pty.o
  CC      drivers/video/fbdev/msm/../../msm/msm_dba/msm_dba_helpers.o
  CC      drivers/video/fbdev/core/fbmon.o
  CC      drivers/staging/prima/CORE/HDD/src/wlan_hdd_dp_utils.o
  CC      drivers/thermal/msm_thermal.o
  CC      drivers/soc/qcom/event_timer.o
  CC      drivers/tty/tty_audit.o
  LD      drivers/regulator/built-in.o
  LD      drivers/staging/android/built-in.o
  CC      drivers/video/fbdev/msm/../../msm/msm_dba/msm_dba_debug.o
  CC      drivers/staging/prima/CORE/HDD/src/wlan_hdd_early_suspend.o
  CC      drivers/usb/phy/of.o
  CC      drivers/usb/gadget/debug.o
  CC      drivers/usb/serial/bus.o
  CC      drivers/tty/sysrq.o
  CC      drivers/usb/switch/switch_fsa9685.o
  CC      drivers/soc/qcom/rpm-smd-debug.o
  CC      drivers/video/fbdev/core/fbcmap.o
  CC      drivers/thermal/msm_thermal-dev.o
  LD      drivers/usb/serial/usbserial.o
  LD      drivers/usb/dwc3/dwc3.o
  CC      drivers/video/fbdev/msm/../../msm/msm_dba/adv7533.o
  LD      drivers/usb/dwc3/built-in.o
  CC      drivers/staging/prima/CORE/HDD/src/wlan_hdd_ftm.o
  LD      drivers/usb/serial/built-in.o
  CC      drivers/video/fbdev/msm/../../msm/mdss/mdss_mdp_ctl.o
  CC      drivers/soc/qcom/spm.o
  CC      drivers/usb/core/message.o
  CC      drivers/usb/storage/protocol.o
  LD      drivers/video/fbdev/msm/../../msm/msm_dba/built-in.o
  CC      drivers/usb/host/ehci-pci.o
  CC      drivers/usb/phy/class-dual-role.o
  CC      drivers/usb/host/ehci-msm.o
  CC      drivers/video/fbdev/core/fbsysfs.o
  CC      drivers/video/fbdev/msm/../../msm/mdss/mdss_mdp_pipe.o
  CC      drivers/soc/qcom/spm_devices.o
  CC      drivers/staging/prima/CORE/HDD/src/wlan_hdd_hostapd.o
  CC      drivers/scsi/ufs/ufs-qcom.o
  CC      drivers/video/fbdev/msm/../../msm/mdss/mdss_mdp_util.o
  CC      drivers/usb/storage/transport.o
  CC      drivers/scsi/ufs/ufs-qcom-ice.o
  CC      drivers/video/fbdev/msm/../../msm/mdss/dsi_status_6g.o
  CC      drivers/usb/gadget/function/f_acm.o
  CC      drivers/usb/storage/usb.o
  CC      drivers/usb/host/xhci.o
  CC      drivers/video/fbdev/core/modedb.o
  CC      drivers/usb/core/driver.o
  CC      drivers/scsi/ufs/ufshcd.o
  CC      drivers/staging/prima/CORE/HDD/src/wlan_hdd_main.o
  CC      drivers/video/fbdev/msm/../../msm/mdss/mdss_mdp_pp.o
  CC      drivers/usb/gadget/function/u_serial.o
  CC      drivers/usb/gadget/udc/udc-core.o
  CC      drivers/staging/prima/CORE/HDD/src/wlan_hdd_mib.o
  CC      drivers/video/fbdev/msm/../../msm/mdss/mdss_mdp_pp_debug.o
  CC      drivers/video/fbdev/msm/../../msm/mdss/mdss_mdp_pp_cache_config.o
  CC      drivers/staging/prima/CORE/HDD/src/wlan_hdd_oemdata.o
  CC      drivers/video/fbdev/msm/../../msm/mdss/mdss_mdp_intf_video.o
  CC      drivers/staging/prima/CORE/HDD/src/wlan_hdd_request_manager.o
  CC      drivers/video/fbdev/msm/../../msm/mdss/mdss_mdp_intf_cmd.o
  CC      drivers/video/fbdev/msm/../../msm/mdss/mdss_mdp_intf_writeback.o
  CC      drivers/staging/prima/CORE/HDD/src/wlan_hdd_scan.o
  CC      drivers/thermal/lmh_interface.o
  CC      drivers/usb/host/xhci-mem.o
  LD      drivers/usb/switch/built-in.o
  CC      drivers/soc/qcom/scm.o
  CC      drivers/usb/phy/phy-generic.o
  CC      drivers/usb/core/config.o
  CC      drivers/video/fbdev/core/fbcvt.o
  CC      drivers/scsi/sd.o
  CC      drivers/scsi/ufs/ufs_quirks.o
  CC      drivers/usb/gadget/function/f_serial.o
  LD      drivers/usb/gadget/udc/built-in.o
  CC      drivers/usb/storage/initializers.o
  CC      drivers/soc/qcom/scm-boot.o
  CC      drivers/usb/core/file.o
  CC      drivers/video/fbdev/msm/../../msm/mdss/mdss_rotator.o
  CC      drivers/usb/core/buffer.o
  CC      drivers/usb/gadget/android.o
  CC      drivers/scsi/sg.o
  CC      drivers/tty/serial/msm_smd_tty.o
  CC      drivers/thermal/lmh_lite.o
  CC      drivers/usb/host/xhci-ring.o
  CC      drivers/video/fbdev/core/cfbfillrect.o
  CC      drivers/scsi/ch.o
  CC      drivers/usb/core/sysfs.o
  CC      drivers/usb/gadget/function/f_ncm.o
  CC      drivers/usb/storage/sierra_ms.o
  CC      drivers/usb/core/endpoint.o
  CC      drivers/soc/qcom/mpm-of.o
  LD      drivers/thermal/thermal_sys.o
  CC      drivers/staging/prima/CORE/HDD/src/wlan_hdd_softap_tx_rx.o
  CC      drivers/usb/host/xhci-hub.o
  CC      drivers/video/fbdev/msm/../../msm/mdss/mdss_mdp_overlay.o
  LD      drivers/thermal/built-in.o
  LD      drivers/tty/serial/built-in.o
  CC      drivers/video/fbdev/core/cfbcopyarea.o
  CC      drivers/usb/storage/option_ms.o
  LD      drivers/tty/built-in.o
  CC      drivers/video/fbdev/msm/../../msm/mdss/mdss_mdp_layer.o
  CC      drivers/usb/gadget/function/f_ecm.o
  CC      drivers/soc/qcom/smem.o
  CC      drivers/usb/host/xhci-dbg.o
  CC      drivers/staging/prima/CORE/HDD/src/wlan_hdd_tx_rx.o
  CC      drivers/scsi/ufs/ufshcd-pltfrm.o
  CC      drivers/usb/gadget/ci13xxx_msm.o
  CC      drivers/usb/host/xhci-trace.o
  CC      drivers/scsi/ufs/ufs-debugfs.o
  CC      drivers/video/fbdev/msm/../../msm/mdss/mdss_mdp_splash_logo.o
  CC      drivers/usb/storage/usual-tables.o
  CC      drivers/video/fbdev/core/cfbimgblt.o
  CC      drivers/usb/gadget/function/f_mass_storage.o
  CC      drivers/staging/prima/CORE/HDD/src/wlan_hdd_trace.o
  LD      drivers/usb/host/xhci-plat-hcd.o
  CC      drivers/video/fbdev/msm/../../msm/mdss/mdss_mdp_cdm.o
  CC      drivers/usb/storage/alauda.o
  LD      drivers/usb/gadget/libcomposite.o
  CC      drivers/scsi/ufs/ufs-qcom-debugfs.o
  LD      drivers/scsi/scsi_mod.o
  CC      drivers/usb/phy/phy-msm-usb.o
  CC      drivers/usb/storage/cypress_atacb.o
  CC      drivers/staging/prima/CORE/HDD/src/wlan_hdd_wext.o
  CC      drivers/soc/qcom/smem_debug.o
  CC      drivers/usb/phy/phy-msm-hsusb.o
  LD      drivers/scsi/ufs/built-in.o
  CC      drivers/soc/qcom/smd.o
  CC      drivers/video/fbdev/msm/../../msm/mdss/mdss_smmu.o
  CC      drivers/usb/core/devio.o
  CC      drivers/usb/phy/phy-msm-ssusb-qmp.o
  CC      drivers/usb/storage/datafab.o
  LD      drivers/video/fbdev/core/fb.o
  CC      drivers/staging/prima/CORE/HDD/src/wlan_hdd_wmm.o
  CC      drivers/soc/qcom/smd_debug.o
  CC      drivers/video/fbdev/msm/../../msm/mdss/mdss_mdp_wfd.o
  LD      drivers/scsi/sd_mod.o
  CC      drivers/usb/core/notify.o
  LD      drivers/scsi/built-in.o
  CC      drivers/usb/phy/phy-msm-qusb.o
  CC      drivers/staging/prima/CORE/HDD/src/wlan_hdd_wowl.o
  CC      drivers/usb/core/generic.o
  CC      drivers/staging/prima/CORE/HDD/src/wlan_hdd_cfg80211.o
  CC      drivers/usb/storage/freecom.o
  CC      drivers/usb/phy/phy-msm-qusb-v2.o
  CC      drivers/video/fbdev/msm/../../msm/mdss/mdss_mdp_pp_v1_7.o
  CC      drivers/soc/qcom/smd_private.o
  CC      drivers/staging/prima/CORE/HDD/src/wlan_hdd_p2p.o
  CC      drivers/video/fbdev/msm/../../msm/mdss/mdss_mdp_pp_v3.o
  CC      drivers/soc/qcom/smd_init_dt.o
  CC      drivers/usb/storage/isd200.o
  CC      drivers/usb/core/quirks.o
  CC      drivers/video/fbdev/msm/../../msm/mdss/mdss_mdp_pp_common.o
  CC      drivers/staging/prima/CORE/HDD/src/wlan_hdd_tdls.o
  CC      drivers/usb/gadget/function/storage_common.o
  CC      drivers/staging/prima/CORE/MAC/src/cfg/cfgApi.o
  CC      drivers/usb/storage/jumpshot.o
  LD      drivers/usb/host/xhci-hcd.o
  CC      drivers/soc/qcom/smsm_debug.o
  CC      drivers/usb/storage/karma.o
  LD      drivers/usb/host/built-in.o
  CC      drivers/usb/core/devices.o
  CC      drivers/staging/prima/CORE/MAC/src/cfg/cfgDebug.o
  CC      drivers/usb/storage/sddr09.o
  CC      drivers/usb/gadget/function/f_fs.o
  CC      drivers/usb/core/port.o
  CC      drivers/soc/qcom/glink.o
  CC      drivers/video/fbdev/msm/../../msm/mdss/mdss_mdp_debug.o
  LD      drivers/video/fbdev/core/built-in.o
  CC      drivers/staging/prima/CORE/MAC/src/cfg/cfgParamName.o
  CC      drivers/video/fbdev/msm/../../msm/mdss/mdss_debug.o
  CC      drivers/usb/core/hcd-pci.o
  CC      drivers/usb/gadget/function/f_uac1.o
  CC      drivers/staging/prima/CORE/MAC/src/cfg/cfgProcMsg.o
  CC      drivers/usb/storage/sddr55.o
  CC      drivers/soc/qcom/glink_debugfs.o
  CC      drivers/video/fbdev/msm/../../msm/mdss/mdss_debug_xlog.o
  CC      drivers/staging/prima/CORE/MAC/src/cfg/cfgSendMsg.o
  CC      drivers/video/fbdev/msm/../../msm/mdss/mdss_dsi.o
  CC      drivers/usb/storage/shuttle_usbat.o
  CC      drivers/usb/gadget/function/u_uac1.o
  CC      drivers/soc/qcom/glink_ssr.o
  LD      drivers/usb/storage/usb-storage.o
  CC      drivers/soc/qcom/glink_loopback_server.o
  LD      drivers/usb/storage/ums-alauda.o
  CC      drivers/staging/prima/CORE/MAC/src/dph/dphHashTable.o
  CC      drivers/usb/gadget/function/f_uvc.o
  LD      drivers/usb/storage/ums-cypress.o
  CC      drivers/staging/prima/CORE/MAC/src/pe/lim/limAIDmgmt.o
  LD      drivers/usb/storage/ums-freecom.o
  CC      drivers/usb/gadget/function/uvc_queue.o
  LD      drivers/usb/storage/ums-datafab.o
  CC      drivers/video/fbdev/msm/../../msm/mdss/mdss_dsi_host.o
  LD      drivers/usb/storage/ums-isd200.o
  CC      drivers/staging/prima/CORE/MAC/src/pe/lim/limAdmitControl.o
  LD      drivers/usb/storage/ums-jumpshot.o
  LD      drivers/usb/storage/ums-karma.o
  CC      drivers/usb/gadget/function/uvc_v4l2.o
  LD      drivers/usb/storage/ums-sddr09.o
  CC      drivers/soc/qcom/glink_smd_xprt.o
  CC      drivers/soc/qcom/glink_smem_native_xprt.o
  LD      drivers/usb/storage/ums-sddr55.o
  LD      drivers/usb/storage/ums-usbat.o
  LD      drivers/usb/phy/built-in.o
  CC      drivers/video/fbdev/msm/../../msm/mdss/mdss_dsi_cmd.o
  LD      drivers/usb/storage/built-in.o
  CC      drivers/soc/qcom/smem_log.o
  CC      drivers/staging/prima/CORE/MAC/src/pe/lim/limApi.o
  CC      drivers/usb/gadget/function/uvc_video.o
  CC      drivers/soc/qcom/smp2p.o
  CC      drivers/usb/gadget/function/f_audio_source.o
  CC      drivers/staging/prima/CORE/MAC/src/pe/lim/limAssocUtils.o
  CC      drivers/video/fbdev/msm/../../msm/mdss/mdss_dsi_status.o
  CC      drivers/staging/prima/CORE/MAC/src/pe/lim/limDebug.o
  CC      drivers/usb/gadget/function/f_ipc.o
  CC      drivers/soc/qcom/smp2p_debug.o
  CC      drivers/video/fbdev/msm/../../msm/mdss/mdss_dsi_panel.o
  LD      drivers/usb/gadget/function/usb_f_acm.o
  CC      drivers/staging/prima/CORE/MAC/src/pe/lim/limFT.o
  LD      drivers/usb/gadget/function/usb_f_serial.o
  CC      drivers/soc/qcom/smp2p_sleepstate.o
  LD      drivers/usb/gadget/function/usb_f_ncm.o
  CC      drivers/video/fbdev/msm/../../msm/mdss/msm_mdss_io_8974.o
  LD      drivers/usb/gadget/function/usb_f_ecm.o
  CC      drivers/staging/prima/CORE/MAC/src/pe/lim/limIbssPeerMgmt.o
  LD      drivers/usb/gadget/function/usb_f_uac1.o
  LD      drivers/usb/gadget/function/usb_f_audio_source.o
  CC      drivers/soc/qcom/smp2p_loopback.o
  CC      drivers/video/fbdev/msm/../../msm/mdss/mdss_dsi_phy.o
  CC      drivers/staging/prima/CORE/MAC/src/pe/lim/limLinkMonitoringAlgo.o
  LD      drivers/usb/gadget/function/usb_f_ipc.o
  CC      drivers/soc/qcom/qmi_interface.o
  CC      drivers/staging/prima/CORE/MAC/src/pe/lim/limLogDump.o
  CC      drivers/video/fbdev/msm/../../msm/mdss/mdss_dsi_clk.o
  CC      drivers/video/fbdev/msm/../../msm/mdss/mdss_panel.o
  CC      drivers/soc/qcom/ipc_router_smd_xprt.o
  CC      drivers/staging/prima/CORE/MAC/src/pe/lim/limP2P.o
  LD      drivers/usb/gadget/function/usb_f_mass_storage.o
  CC      drivers/staging/prima/CORE/MAC/src/pe/lim/limProcessActionFrame.o
  CC      drivers/video/fbdev/msm/../../msm/mdss/mdss_hdmi_util.o
  CC      drivers/staging/prima/CORE/MAC/src/pe/lim/limProcessAssocReqFrame.o
  CC      drivers/soc/qcom/memshare/heap_mem_ext_v01.o
  CC      drivers/video/fbdev/msm/../../msm/mdss/mdss_hdmi_edid.o
  CC      drivers/staging/prima/CORE/MAC/src/pe/lim/limProcessAssocRspFrame.o
  CC      drivers/video/fbdev/msm/../../msm/mdss/mdss_cec_core.o
  CC      drivers/soc/qcom/memshare/msm_memshare.o
  CC      drivers/staging/prima/CORE/MAC/src/pe/lim/limProcessAuthFrame.o
  LD      drivers/usb/core/usbcore.o
  CC      drivers/video/fbdev/msm/../../msm/mdss/mdss_dba_utils.o
  LD      drivers/usb/gadget/function/usb_f_fs.o
  CC      drivers/staging/prima/CORE/MAC/src/pe/lim/limProcessBeaconFrame.o
  CC      drivers/soc/qcom/rpm_rbcpr_stats_v2.o
  LD      drivers/usb/core/built-in.o
  CC      drivers/soc/qcom/rpm_stats.o
  CC      drivers/staging/prima/CORE/MAC/src/pe/lim/limProcessCfgUpdates.o
  CC      drivers/soc/qcom/rpm_master_stat.o
  CC      drivers/soc/qcom/qdsp6v2/apr.o
  LD      drivers/soc/qcom/memshare/built-in.o
  CC      drivers/soc/qcom/rpm_rail_stats.o
  CC      drivers/video/fbdev/msm/../../msm/mdss/mdss_wb.o
  CC      drivers/soc/qcom/qdsp6v2/apr_v2.o
  CC      drivers/staging/prima/CORE/MAC/src/pe/lim/limProcessDeauthFrame.o
  CC      drivers/soc/qcom/qdsp6v2/apr_tal.o
  CC      drivers/video/fbdev/msm/../../msm/mdss/tp_color.o
  CC      drivers/soc/qcom/qdsp6v2/voice_svc.o
  CC      drivers/staging/prima/CORE/MAC/src/pe/lim/limProcessDisassocFrame.o
  CC      drivers/soc/qcom/qdsp6v2/msm_audio_ion.o
  CC      drivers/soc/qcom/system_stats.o
  CC      drivers/video/fbdev/msm/../../msm/mdss/mdss_fb.o
  CC      drivers/soc/qcom/qdsp6v2/adsp-loader.o
  CC      drivers/soc/qcom/perf_event_l2.o
  CC      drivers/staging/prima/CORE/MAC/src/pe/lim/limProcessLmmMessages.o
  CC      drivers/soc/qcom/rpm_log.o
  CC      drivers/video/fbdev/msm/../../msm/mdss/mdss_util.o
  CC      drivers/staging/prima/CORE/MAC/src/pe/lim/limProcessMessageQueue.o
  CC      drivers/soc/qcom/jtag-fuse.o
  CC      drivers/video/fbdev/msm/../../msm/mdss/mdss_compat_utils.o
  LD      drivers/usb/gadget/g_android.o
  LD      drivers/usb/gadget/function/usb_f_uvc.o
  CC      drivers/video/fbdev/msm/../../msm/mdss/mdss_mdp_kcal_ctrl.o
  CC      drivers/staging/prima/CORE/MAC/src/pe/lim/limProcessMlmReqMessages.o
  LD      drivers/usb/gadget/function/built-in.o
  CC      drivers/soc/qcom/jtagv8.o
  LD      drivers/video/fbdev/msm/../../msm/mdss/mdss-mdp.o
  LD      drivers/video/fbdev/msm/../../msm/mdss/mdss-dsi.o
  CC      drivers/soc/qcom/jtagv8-etm.o
  CC      drivers/staging/prima/CORE/MAC/src/pe/lim/limProcessMlmRspMessages.o
  CC      drivers/soc/qcom/peripheral-loader.o
  LD      drivers/usb/gadget/built-in.o
  CC      drivers/staging/prima/CORE/MAC/src/pe/lim/limProcessProbeReqFrame.o
  CC      drivers/soc/qcom/subsys-pil-tz.o
  CC      drivers/soc/qcom/pil-q6v5.o
  CC      drivers/staging/prima/CORE/MAC/src/pe/lim/limProcessProbeRspFrame.o
  CC      drivers/soc/qcom/pil-msa.o
  CC      drivers/soc/qcom/pil-q6v5-mss.o
  CC      drivers/staging/prima/CORE/MAC/src/pe/lim/limProcessSmeReqMessages.o
  LD      drivers/usb/built-in.o
  CC      drivers/staging/prima/CORE/MAC/src/pe/lim/limPropExtsUtils.o
  CC      drivers/staging/prima/CORE/MAC/src/pe/lim/limRMC.o
  CC      drivers/soc/qcom/msm_performance.o
  CC      drivers/staging/prima/CORE/MAC/src/pe/lim/limRoamingAlgo.o
  CC      drivers/soc/qcom/subsystem_notif.o
  CC      drivers/soc/qcom/subsystem_restart.o
  CC      drivers/staging/prima/CORE/MAC/src/pe/lim/limScanResultUtils.o
  CC      drivers/soc/qcom/ramdump.o
  CC      drivers/staging/prima/CORE/MAC/src/pe/lim/limSecurityUtils.o
  CC      drivers/soc/qcom/sysmon.o
  CC      drivers/soc/qcom/sysmon-qmi.o
  CC      drivers/staging/prima/CORE/MAC/src/pe/lim/limSendManagementFrames.o
  CC      drivers/staging/prima/CORE/MAC/src/pe/lim/limSendMessages.o
  CC      drivers/soc/qcom/secure_buffer.o
  CC      drivers/staging/prima/CORE/MAC/src/pe/lim/limSendSmeRspMessages.o
  CC      drivers/soc/qcom/bam_dmux.o
  CC      drivers/staging/prima/CORE/MAC/src/pe/lim/limSerDesUtils.o
  CC      drivers/staging/prima/CORE/MAC/src/pe/lim/limSession.o
  CC      drivers/soc/qcom/scm-xpu.o
  CC      drivers/soc/qcom/kernel_protect.o
  LD      drivers/soc/qcom/qdsp6v2/built-in.o
  CC      drivers/staging/prima/CORE/MAC/src/pe/lim/limSessionUtils.o
  CC      drivers/soc/qcom/early_random.o
  CC      drivers/staging/prima/CORE/MAC/src/pe/lim/limSmeReqUtils.o
  CC      drivers/soc/qcom/serial_num.o
  CC      drivers/staging/prima/CORE/MAC/src/pe/lim/limStaHashApi.o
  CC      drivers/staging/prima/CORE/MAC/src/pe/lim/limTimerUtils.o
  CC      drivers/staging/prima/CORE/MAC/src/pe/lim/limTrace.o
  CC      drivers/staging/prima/CORE/MAC/src/pe/lim/limUtils.o
  CC      drivers/staging/prima/CORE/MAC/src/pe/lim/limProcessTdls.o
  CC      drivers/staging/prima/CORE/MAC/src/pe/pmm/pmmAP.o
  CC      drivers/staging/prima/CORE/MAC/src/pe/pmm/pmmApi.o
  CC      drivers/staging/prima/CORE/MAC/src/pe/pmm/pmmDebug.o
  CC      drivers/staging/prima/CORE/MAC/src/pe/sch/schApi.o
  CC      drivers/staging/prima/CORE/MAC/src/pe/sch/schBeaconGen.o
  CC      drivers/staging/prima/CORE/MAC/src/pe/sch/schBeaconProcess.o
  LD      drivers/video/fbdev/msm/../../msm/mdss/built-in.o
  CC      drivers/staging/prima/CORE/MAC/src/pe/sch/schDebug.o
  CC      drivers/staging/prima/CORE/MAC/src/pe/sch/schMessage.o
  LD      drivers/video/fbdev/msm/../../msm/built-in.o
  CC      drivers/staging/prima/CORE/MAC/src/pe/rrm/rrmApi.o
  CC      drivers/staging/prima/CORE/SAP/src/sapApiLinkCntl.o
  LD      drivers/video/fbdev/msm/built-in.o
  CC      drivers/staging/prima/CORE/SAP/src/sapChSelect.o
  CC      drivers/staging/prima/CORE/SAP/src/sapFsm.o
  LD      drivers/video/fbdev/built-in.o
  CC      drivers/staging/prima/CORE/SAP/src/sapModule.o
  LD      drivers/soc/qcom/built-in.o
  CC      drivers/staging/prima/CORE/SME/src/btc/btcApi.o
  LD      drivers/video/built-in.o
  CC      drivers/staging/prima/CORE/SME/src/ccm/ccmApi.o
  CC      drivers/staging/prima/CORE/SME/src/ccm/ccmLogDump.o
  LD      drivers/soc/built-in.o
  CC      drivers/staging/prima/CORE/SME/src/sme_common/sme_Api.o
  CC      drivers/staging/prima/CORE/SME/src/sme_common/sme_FTApi.o
  CC      drivers/staging/prima/CORE/SME/src/sme_common/sme_Trace.o
  CC      drivers/staging/prima/CORE/SME/src/csr/csrApiRoam.o
  CC      drivers/staging/prima/CORE/SME/src/csr/csrApiScan.o
  CC      drivers/staging/prima/CORE/SME/src/csr/csrCmdProcess.o
  CC      drivers/staging/prima/CORE/SME/src/csr/csrLinkList.o
  CC      drivers/staging/prima/CORE/SME/src/csr/csrLogDump.o
  CC      drivers/staging/prima/CORE/SME/src/csr/csrNeighborRoam.o
  CC      drivers/staging/prima/CORE/SME/src/csr/csrUtil.o
  CC      drivers/staging/prima/CORE/SME/src/csr/csrTdlsProcess.o
  CC      drivers/staging/prima/CORE/SME/src/oemData/oemDataApi.o
  CC      drivers/staging/prima/CORE/SME/src/p2p/p2p_Api.o
  CC      drivers/staging/prima/CORE/SME/src/pmc/pmcApi.o
  CC      drivers/staging/prima/CORE/SME/src/pmc/pmc.o
  CC      drivers/staging/prima/CORE/SME/src/pmc/pmcLogDump.o
  CC      drivers/staging/prima/CORE/SME/src/QoS/sme_Qos.o
  CC      drivers/staging/prima/CORE/SME/src/rrm/sme_rrm.o
  CC      drivers/staging/prima/CORE/SME/src/nan/nan_Api.o
  CC      drivers/staging/prima/CORE/SVC/src/btc/wlan_btc_svc.o
  CC      drivers/staging/prima/CORE/SVC/src/nlink/wlan_nlink_srv.o
  CC      drivers/staging/prima/CORE/SVC/src/ptt/wlan_ptt_sock_svc.o
  CC      drivers/staging/prima/CORE/SVC/src/logging/wlan_logging_sock_svc.o
  CC      drivers/staging/prima/CORE/SYS/common/src/wlan_qct_sys.o
  CC      drivers/staging/prima/CORE/SYS/legacy/src/pal/src/palApiComm.o
  CC      drivers/staging/prima/CORE/SYS/legacy/src/pal/src/palTimer.o
  CC      drivers/staging/prima/CORE/SYS/legacy/src/platform/src/VossWrapper.o
  CC      drivers/staging/prima/CORE/SYS/legacy/src/system/src/macInitApi.o
  CC      drivers/staging/prima/CORE/SYS/legacy/src/system/src/sysEntryFunc.o
  CC      drivers/staging/prima/CORE/SYS/legacy/src/utils/src/dot11f.o
  CC      drivers/staging/prima/CORE/SYS/legacy/src/utils/src/logApi.o
  CC      drivers/staging/prima/CORE/SYS/legacy/src/utils/src/logDump.o
  CC      drivers/staging/prima/CORE/SYS/legacy/src/utils/src/macTrace.o
  CC      drivers/staging/prima/CORE/SYS/legacy/src/utils/src/parserApi.o
  CC      drivers/staging/prima/CORE/SYS/legacy/src/utils/src/utilsApi.o
  CC      drivers/staging/prima/CORE/SYS/legacy/src/utils/src/utilsParser.o
  CC      drivers/staging/prima/CORE/TL/src/wlan_qct_tl.o
  CC      drivers/staging/prima/CORE/TL/src/wlan_qct_tl_ba.o
  CC      drivers/staging/prima/CORE/TL/src/wlan_qct_tl_hosupport.o
  CC      drivers/staging/prima/CORE/TL/src/wlan_qct_tl_trace.o
  CC      drivers/staging/prima/CORE/VOSS/src/vos_api.o
  CC      drivers/staging/prima/CORE/VOSS/src/vos_event.o
  CC      drivers/staging/prima/CORE/VOSS/src/vos_getBin.o
  CC      drivers/staging/prima/CORE/VOSS/src/vos_list.o
  CC      drivers/staging/prima/CORE/VOSS/src/vos_lock.o
  CC      drivers/staging/prima/CORE/VOSS/src/vos_memory.o
  CC      drivers/staging/prima/CORE/VOSS/src/vos_mq.o
  CC      drivers/staging/prima/CORE/VOSS/src/vos_nvitem.o
  CC      drivers/staging/prima/CORE/VOSS/src/vos_packet.o
  CC      drivers/staging/prima/CORE/VOSS/src/vos_sched.o
  CC      drivers/staging/prima/CORE/VOSS/src/vos_threads.o
  CC      drivers/staging/prima/CORE/VOSS/src/vos_timer.o
  CC      drivers/staging/prima/CORE/VOSS/src/vos_trace.o
  CC      drivers/staging/prima/CORE/VOSS/src/vos_types.o
  CC      drivers/staging/prima/CORE/VOSS/src/vos_utils.o
  CC      drivers/staging/prima/CORE/VOSS/src/wlan_nv_parser.o
  CC      drivers/staging/prima/CORE/VOSS/src/wlan_nv_stream_read.o
  CC      drivers/staging/prima/CORE/VOSS/src/wlan_nv_template_builtin.o
  CC      drivers/staging/prima/CORE/VOSS/src/vos_diag.o
  CC      drivers/staging/prima/CORE/WDA/src/wlan_qct_wda.o
  CC      drivers/staging/prima/CORE/WDA/src/wlan_qct_wda_debug.o
  CC      drivers/staging/prima/CORE/WDA/src/wlan_qct_wda_ds.o
  CC      drivers/staging/prima/CORE/WDA/src/wlan_qct_wda_legacy.o
  CC      drivers/staging/prima/CORE/WDA/src/wlan_nv.o
  CC      drivers/staging/prima/CORE/WDI/CP/src/wlan_qct_wdi.o
  CC      drivers/staging/prima/CORE/WDI/CP/src/wlan_qct_wdi_dp.o
  CC      drivers/staging/prima/CORE/WDI/CP/src/wlan_qct_wdi_sta.o
  CC      drivers/staging/prima/CORE/WDI/DP/src/wlan_qct_wdi_bd.o
  CC      drivers/staging/prima/CORE/WDI/DP/src/wlan_qct_wdi_ds.o
  CC      drivers/staging/prima/CORE/WDI/TRP/CTS/src/wlan_qct_wdi_cts.o
  CC      drivers/staging/prima/CORE/WDI/TRP/DTS/src/wlan_qct_wdi_dts.o
  CC      drivers/staging/prima/CORE/WDI/WPAL/src/wlan_qct_pal_api.o
  CC      drivers/staging/prima/CORE/WDI/WPAL/src/wlan_qct_pal_device.o
  CC      drivers/staging/prima/CORE/WDI/WPAL/src/wlan_qct_pal_msg.o
  CC      drivers/staging/prima/CORE/WDI/WPAL/src/wlan_qct_pal_packet.o
  CC      drivers/staging/prima/CORE/WDI/WPAL/src/wlan_qct_pal_sync.o
  CC      drivers/staging/prima/CORE/WDI/WPAL/src/wlan_qct_pal_timer.o
  CC      drivers/staging/prima/CORE/WDI/WPAL/src/wlan_qct_pal_trace.o
  LD      drivers/staging/prima/wlan.o
  LD      drivers/staging/prima/built-in.o
  LD      drivers/staging/built-in.o
  LD      drivers/built-in.o
  LINK    vmlinux
  LD      vmlinux.o
  MODPOST vmlinux.o
  GEN     .version
  CC      init/main.o
  CHK     include/generated/compile.h
  CC      init/do_mounts.o
  CC      init/do_mounts_rd.o
  CC      init/do_mounts_initrd.o
  CC      init/do_mounts_dm.o
  CC      init/noinitramfs.o
  CC      init/initramfs.o
  CC      init/calibrate.o
  CC      init/init_task.o
  UPD     include/generated/compile.h
  CC      init/version.o
  LD      init/mounts.o
  LD      init/built-in.o
  KSYM    .tmp_kallsyms1.o
  KSYM    .tmp_kallsyms2.o
  LD      vmlinux
  SORTEX  vmlinux
  SYSMAP  System.map
  OBJCOPY arch/arm64/boot/Image
  DTC     arch/arm64/boot/dts/qcom/msm8953-iot-mtp.dtb
  DTC     arch/arm64/boot/dts/qcom/apq8037-pmi8950-mtp.dtb
  DTC     arch/arm64/boot/dts/qcom/apq8017-pmi8937-cdp-wcd-rome.dtb
  DTC     arch/arm64/boot/dts/qcom/msm8953-ext-codec-mtp.dtb
  DTC     arch/arm64/boot/dts/qcom/apq8053-iot-mtp.dtb
  DTC     arch/arm64/boot/dts/qcom/msm8937-pmi8937-rcm.dtb
  DTC     arch/arm64/boot/dts/qcom/huawei_msm8940_cpn_l09_va.dtb
  DTC     arch/arm64/boot/dts/qcom/apq8017-pmi8950-mtp.dtb
  DTC     arch/arm64/boot/dts/qcom/msm8937-pmi8937-qrd-sku2.dtb
  DTC     arch/arm64/boot/dts/qcom/msm8917-rumi.dtb
  DTC     arch/arm64/boot/dts/qcom/msm8917-pmi8950-mtp.dtb
  DTC     arch/arm64/boot/dts/qcom/msm8917-pmi8937-cdp.dtb
  DTC     arch/arm64/boot/dts/qcom/msm8952-cdp.dtb
  DTC     arch/arm64/boot/dts/qcom/msm8937-pmi8950-rcm.dtb
  DTC     arch/arm64/boot/dts/qcom/msm8937-pmi8950-cdp.dtb
  Building modules, stage 2.
  DTC     arch/arm64/boot/dts/qcom/huawei_msm8940_bah_w09_va.dtb
  DTC     arch/arm64/boot/dts/qcom/apq8017-no-pmi-wcd-rome-cdp.dtb
  DTC     arch/arm64/boot/dts/qcom/msm8937-pmi8937-qrd-sku2-dvt1.dtb
  MODPOST 0 modules
Warning (reg_format): "reg" property in /huawei_hall_sensor has invalid length (8 bytes) (#address-cells == 2, #size-cells == 2)
Warning (reg_format):   DTC     arch/arm64/boot/dts/qcom/apq8017-pmi8937-mtp.dtb
"reg" property in /huawei_hall_sensor has invalid length (8 bytes) (#address-cells == 2, #size-cells == 2)
  DTC     arch/arm64/boot/dts/qcom/msm8940-pmi8950-qrd-sku7.dtb
  DTC     arch/arm64/boot/dts/qcom/msm8953-cdp.dtb
  DTC     arch/arm64/boot/dts/qcom/msm8917-pmi8950-rcm.dtb
  DTC     arch/arm64/boot/dts/qcom/msm8940-pmi8940-qrd-sku7.dtb
  DTC     arch/arm64/boot/dts/qcom/msm8920-pmi8937-mtp.dtb
  DTC     arch/arm64/boot/dts/qcom/huawei_msm8940_cpn_l0j_va.dtb
  DTC     arch/arm64/boot/dts/qcom/apq8037-pmi8937-cdp.dtb
  DTC     arch/arm64/boot/dts/qcom/msm8940-pmi8940-mtp.dtb
  DTC     arch/arm64/boot/dts/qcom/msm8952-mtp.dtb
  DTC     arch/arm64/boot/dts/qcom/msm8953-qrd-sku3.dtb
  DTC     arch/arm64/boot/dts/qcom/msm8940-pmi8937-rcm.dtb
  DTC     arch/arm64/boot/dts/qcom/msm8952-qrd-skum.dtb
  DTC     arch/arm64/boot/dts/qcom/msm8917-qgp-tmo.dtb
  DTC     arch/arm64/boot/dts/qcom/msm8940-pmi8950-mtp.dtb
  DTC     arch/arm64/boot/dts/qcom/apq8053-ext-audio-mtp.dtb
  DTC     arch/arm64/boot/dts/qcom/msm8940-pmi8950-cdp.dtb
  DTC     arch/arm64/boot/dts/qcom/huawei_msm8940_cpn_al00_va.dtb
  DTC     arch/arm64/boot/dts/qcom/msm8937-pmi8950-mtp.dtb
  DTC     arch/arm64/boot/dts/qcom/msm8937-pmi8937-mtp.dtb
  DTC     arch/arm64/boot/dts/qcom/msm8937-pmi8950-ext-codec-cdp.dtb
Warning (reg_format): "reg" property in /huawei_hall_sensor has invalid length (8 bytes) (#address-cells == 2, #size-cells == 2)
  DTC     arch/arm64/boot/dts/qcom/msm8937-pmi8937-cdp.dtb
  DTC     arch/arm64/boot/dts/qcom/huawei_msm8940_cpn_l03_va.dtb
  DTC     arch/arm64/boot/dts/qcom/msm8920-pmi8937-cdp.dtb
  DTC     arch/arm64/boot/dts/qcom/apq8017-pmi8950-cdp.dtb
  DTC     arch/arm64/boot/dts/qcom/msm8953-ext-codec-rcm.dtb
  DTC     arch/arm64/boot/dts/qcom/msm8940-pmi8937-mtp.dtb
  DTC     arch/arm64/boot/dts/qcom/msm8940-pmi8950-rcm.dtb
Warning (reg_format): "reg" property in /huawei_hall_sensor has invalid length (8 bytes) (#address-cells == 2, #size-cells == 2)
  DTC     arch/arm64/boot/dts/qcom/huawei_msm8940_bah_l01_va.dtb
  DTC     arch/arm64/boot/dts/qcom/msm8937-rumi.dtb
  DTC     arch/arm64/boot/dts/qcom/huawei_msm8940_bah_al00_va.dtb
  DTC     arch/arm64/boot/dts/qcom/msm8920-pmi8950-rcm.dtb
  DTC     arch/arm64/boot/dts/qcom/msm8940-pmi8937-cdp.dtb
  DTC     arch/arm64/boot/dts/qcom/msm8917-pmi8950-cdp.dtb
Warning (reg_format): "reg" property in /huawei_hall_sensor has invalid length (8 bytes) (#address-cells == 2, #size-cells == 2)
Warning (reg_format): "reg" property in /huawei_hall_sensor has invalid length (8 bytes) (#address-cells == 2, #size-cells == 2)
  DTC     arch/arm64/boot/dts/qcom/huawei_msm8940_cpn_l01_va.dtb
  DTC     arch/arm64/boot/dts/qcom/msm8940-pmi8950-ext-codec-cdp.dtb
  DTC     arch/arm64/boot/dts/qcom/msm8920-pmi8950-cdp.dtb
  DTC     arch/arm64/boot/dts/qcom/msm8953-cdp-1200p.dtb
  DTC     arch/arm64/boot/dts/qcom/msm8920-pmi8940-qrd-sku7.dtb
Warning (reg_format): "reg" property in /huawei_hall_sensor has invalid length (8 bytes) (#address-cells == 2, #size-cells == 2)
  DTC     arch/arm64/boot/dts/qcom/huawei_msm8940_cpn_w09_va.dtb
  DTC     arch/arm64/boot/dts/qcom/apq8053-cdp.dtb
  DTC     arch/arm64/boot/dts/qcom/msm8917-pmi8937-rcm.dtb
  DTC     arch/arm64/boot/dts/qcom/msm8940-pmi8940-cdp.dtb
  DTC     arch/arm64/boot/dts/qcom/msm8953-rumi.dtb
Warning (reg_format): "reg" property in /huawei_hall_sensor has invalid length (8 bytes) (#address-cells == 2, #size-cells == 2)
  DTC     arch/arm64/boot/dts/qcom/msm8953-mtp.dtb
  DTC     arch/arm64/boot/dts/qcom/msm8920-pmi8937-rcm.dtb
  DTC     arch/arm64/boot/dts/qcom/apq8037-pmi8950-cdp.dtb
  DTC     arch/arm64/boot/dts/qcom/msm8940-pmi8950-qrd-sku6.dtb
  DTC     arch/arm64/boot/dts/qcom/msm8917-pmi8937-mtp.dtb
  DTC     arch/arm64/boot/dts/qcom/msm8937-pmi8950-qrd-sku1.dtb
  DTC     arch/arm64/boot/dts/qcom/apq8017-pmi8937-cdp.dtb
  DTC     arch/arm64/boot/dts/qcom/apq8037-pmi8937-mtp.dtb
  DTC     arch/arm64/boot/dts/qcom/msm8940-pmi8940-rcm.dtb
  DTC     arch/arm64/boot/dts/qcom/apq8053-mtp.dtb
  DTC     arch/arm64/boot/dts/qcom/msm8937-pmi8950-qrd-sku1-dvt1.dtb
  DTC     arch/arm64/boot/dts/qcom/msm8953-rcm.dtb
  DTC     arch/arm64/boot/dts/qcom/apq8017-pmi8950-cdp-wcd-rome.dtb
  DTC     arch/arm64/boot/dts/qcom/huawei_msm8940_bah_l09_va.dtb
  DTC     arch/arm64/boot/dts/qcom/msm8953-sim.dtb
  DTC     arch/arm64/boot/dts/qcom/msm8920-pmi8950-mtp.dtb
  DTC     arch/arm64/boot/dts/qcom/msm8952-ext-codec-cdp.dtb
  DTC     arch/arm64/boot/dts/qcom/msm8917-pmi8950-ext-codec-cdp.dtb
  DTC     arch/arm64/boot/dts/qcom/msm8917-pmi8937-qrd-sku5.dtb
Warning (reg_format): "reg" property in /huawei_hall_sensor has invalid length (8 bytes) (#address-cells == 2, #size-cells == 2)
  DTC     arch/arm64/boot/dts/qcom/msm8917-pmi8950-cdp-mirror-lake-touch.dtb
  GZIP    arch/arm64/boot/Image.gz
  CAT     arch/arm64/boot/Image.gz-dtb
make[1]: 离开目录“/home/phoenix/m3lite/kernel/out”
